{"schemaVersion":"1.0","appDefinitionTemplate":{"id":"/providers/Microsoft.PowerApps/apps/","type":"Microsoft.PowerApps/apps","tags":{"minimumRequiredApiVersion":"2.2.0"},"properties":{"appVersion":"2018-09-08T23:48:47Z","lifeCycleId":"Published","createdByClientVersion":{"major":3,"minor":18083,"build":32,"revision":0,"majorRevision":0,"minorRevision":0},"minClientVersion":{"major":3,"minor":18083,"build":32,"revision":0,"majorRevision":0,"minorRevision":0},"backgroundColor":"rgba(0, 99, 177, 1)","backgroundImageUri":"/3945674401272532609/N1f34b837-5df0-4534-a7b2-9e9e669640fa-logoSmallFile","displayName":"Dealer Sales Assistant","description":"Demo PowerApps for dealer sales.\nSealer sales can stay with customer with this powerful assistant app to complete their daily works, and OEM can also gather more precisely one hand customer insight via this tool.","appUris":{"documentUri":{"value":"/3945674401272532609/N91bb4904-a18f-4c58-b8aa-13c4eda798e8-document.msapp","readonlyValue":"/3945674401272532609/N91bb4904-a18f-4c58-b8aa-13c4eda798e8-document.msapp"},"imageUris":[]},"createdTime":"0001-01-01T00:00:00Z","lastModifiedTime":"0001-01-01T00:00:00Z","sharedGroupsCount":0,"sharedUsersCount":0,"icons":{"smallIconUri":"/3945674401272532609/N13d0964a-9672-4e36-91e7-3a513ffe1126-small.png","mediumIconUri":"/3945674401272532609/Nad241bcd-d5e3-4ce3-a2de-5c73369d9c2d-medium.png","largeIconUri":"/3945674401272532609/N17bb8f44-ade9-4c70-8dd3-cd8ff9d97ee7-large.png","wideIconUri":"/3945674401272532609/Na75c5903-e18e-47b4-8f98-0597865a11ec-wide.png"},"connectionReferences":{"518903ba-1abe-4e67-a5f4-0c015391be98":{"id":"22918ffc-2b66-41cc-8364-627956961929","displayName":"SharePoint","iconUri":"https://connectoricons-prod.azureedge.net/sharepointonline/icon_1.0.1008.1183.png","dataSources":["Marketing events","Tesla Car Image Lib","Tesla Car Menu"],"dependencies":[],"dependents":[],"parameterHints":{},"isOnPremiseConnection":false,"bypassConsent":false,"dataSets":{"https://wellszhademo01.sharepoint.com/sites/auto":{"dataSources":{"Marketing events":{"tableName":"918028ed-baf4-49cd-a20f-5ba81f6ba02d"},"Tesla Car Image Lib":{"tableName":"6af6f104-1252-4b12-a896-ffa898ec56ec"},"Tesla Car Menu":{"tableName":"79ee9d1f-c0a8-4ebd-8cb6-bf614bb8ff33"}}}},"apiTier":"Standard"},"f0da507a-6a3f-49a2-a812-f92da8530a1e":{"id":"85af500c-f049-48c2-b131-cd5f47580d82","displayName":"Dynamics 365","iconUri":"https://connectoricons-prod.azureedge.net/dynamicscrmonline/icon_1.0.1005.1178.png","dataSources":["试乘试驾"],"dependencies":[],"dependents":["acde0044-f2fd-4550-adad-268127e603d6","d98b84c9-b344-4a49-b84d-8e304e33ca9d"],"parameterHints":{},"isOnPremiseConnection":false,"bypassConsent":false,"dataSets":{"auto.crm5":{"dataSources":{"试乘试驾":{"tableName":"new_testdriveses"}}}},"apiTier":"Standard"},"acde0044-f2fd-4550-adad-268127e603d6":{"id":"c34c51c1-c805-49ca-9126-1c4d737e7614","displayName":"Logic flows","iconUri":"https://resourcestackdeploy.blob.core.windows.net/scripts/13276078.png","dataSources":["添加试乘试驾活动2.0"],"dependencies":["f0da507a-6a3f-49a2-a812-f92da8530a1e"],"dependents":[],"parameterHints":{"workflowName":{"value":"50a59a5b-26fc-46c0-a712-c688438e7560"},"f0da507a-6a3f-49a2-a812-f92da8530a1e":{"value":"shared_dynamicscrmonline"}},"isOnPremiseConnection":false,"bypassConsent":false,"dataSets":{},"apiTier":"Standard"},"d98b84c9-b344-4a49-b84d-8e304e33ca9d":{"id":"c34c51c1-c805-49ca-9126-1c4d737e7614","displayName":"Logic flows","iconUri":"https://resourcestackdeploy.blob.core.windows.net/scripts/13276078.png","dataSources":["添加潜在顾客记录1.1"],"dependencies":["f0da507a-6a3f-49a2-a812-f92da8530a1e","410b25c7-d176-4f17-a311-13eaa44355f3"],"dependents":[],"parameterHints":{"workflowName":{"value":"2ef8add7-0821-42b6-b763-45ba50ccbd9c"},"f0da507a-6a3f-49a2-a812-f92da8530a1e":{"value":"shared_dynamicscrmonline"},"410b25c7-d176-4f17-a311-13eaa44355f3":{"value":"shared_office365"}},"isOnPremiseConnection":false,"bypassConsent":false,"dataSets":{},"apiTier":"Standard"},"410b25c7-d176-4f17-a311-13eaa44355f3":{"id":"f36a8d2e-3576-42e2-9a02-808f9a2a715f","displayName":"Office 365 Outlook","iconUri":"https://connectoricons-prod.azureedge.net/office365/icon_1.0.1008.1183.png","dataSources":[],"dependencies":[],"dependents":["d98b84c9-b344-4a49-b84d-8e304e33ca9d"],"parameterHints":{},"isOnPremiseConnection":false,"bypassConsent":false,"dataSets":{},"apiTier":"Standard"},"e2d62988-4a81-4afc-91ff-426f2572b68a":{"id":"c34c51c1-c805-49ca-9126-1c4d737e7614","displayName":"Logic flows","iconUri":"https://resourcestackdeploy.blob.core.windows.net/scripts/13276078.png","dataSources":["OCR_From_PowerApps2.0"],"dependencies":["603f5a99-f436-450a-ae54-e37029b6d933"],"dependents":[],"parameterHints":{"workflowName":{"value":"da9ff9e5-2abc-4eee-b6a3-bee7334904a0"},"603f5a99-f436-450a-ae54-e37029b6d933":{"value":"shared_cognitiveservicescomputervision"}},"isOnPremiseConnection":false,"bypassConsent":false,"dataSets":{},"apiTier":"Standard"},"603f5a99-f436-450a-ae54-e37029b6d933":{"id":"6f708a71-a3a6-4c1e-b6fb-a0d1230487e3","displayName":"Computer Vision API","iconUri":"https://connectoricons-prod.azureedge.net/cognitiveservicescomputervision/icon_1.0.1046.1227.png","dataSources":["ComputerVisionAPI"],"dependencies":[],"dependents":["e2d62988-4a81-4afc-91ff-426f2572b68a","4f9068c0-96a1-48a7-b715-28817486667e"],"parameterHints":{},"isOnPremiseConnection":false,"sharedConnectionId":"297521f6-f24b-497c-9c59-f22daa32f03c","bypassConsent":false,"dataSets":{},"apiTier":"Standard"},"4f9068c0-96a1-48a7-b715-28817486667e":{"id":"c34c51c1-c805-49ca-9126-1c4d737e7614","displayName":"Logic flows","iconUri":"https://resourcestackdeploy.blob.core.windows.net/scripts/13276078.png","dataSources":["OCR_From_PowerApps3.0"],"dependencies":["603f5a99-f436-450a-ae54-e37029b6d933"],"dependents":[],"parameterHints":{"workflowName":{"value":"34d56387-d09f-41f4-a8aa-79065de7056d"},"603f5a99-f436-450a-ae54-e37029b6d933":{"value":"shared_cognitiveservicescomputervision"}},"isOnPremiseConnection":false,"bypassConsent":false,"dataSets":{},"apiTier":"Standard"},"a7a2aab5-760d-45bc-b22b-6c7e47ab8b67":{"id":"cab8ef63-b208-47ef-9c11-16f34e8caa0b","displayName":"MSN 天气","iconUri":"https://az818438.vo.msecnd.net/officialicons/msnweather/icon_1.0.970.1155_6776d8f8-013e-44bb-81b6-176247d667a8.png","dataSources":["MSN天气"],"dependencies":[],"dependents":[],"parameterHints":{},"isOnPremiseConnection":false,"bypassConsent":false,"dataSets":{},"apiTier":"Standard"},"e6d27bde-8e80-408c-9fe3-f42f1e6bb599":{"id":"262469cf-22c5-4f37-a4c3-45eb0bb21ed9","displayName":"Bing Maps","iconUri":"https://az818438.vo.msecnd.net/officialicons/bingmaps/icon_1.0.970.1155_0cadac8b-d89a-44b6-8ffa-0ba69a09ed37.png","dataSources":["BingMaps"],"dependencies":[],"dependents":[],"parameterHints":{},"isOnPremiseConnection":false,"sharedConnectionId":"00838353-65f7-46a4-b1e9-0971a13990ec","bypassConsent":false,"dataSets":{},"apiTier":"Standard"}}}}}