{"schemaVersion":"1.0","appDefinitionTemplate":{"id":"/providers/Microsoft.PowerApps/apps/","type":"Microsoft.PowerApps/apps","tags":{"primaryDeviceWidth":"640","primaryDeviceHeight":"1136","sienaVersion":"20200513T173027Z-3.20023.8.0","deviceCapabilities":"","supportsPortrait":"true","supportsLandscape":"false","primaryFormFactor":"Phone","publisherVersion":"3.20023.8","minimumRequiredApiVersion":"2.2.0","hasComponent":"false","hasUnlockedComponent":"false"},"properties":{"appVersion":"2020-05-13T17:30:27Z","lifeCycleId":"Published","createdByClientVersion":{"major":3,"minor":20023,"build":8,"revision":0,"majorRevision":0,"minorRevision":0},"minClientVersion":{"major":3,"minor":20023,"build":8,"revision":0,"majorRevision":0,"minorRevision":0},"backgroundColor":"rgba(165, 34, 55, 1)","backgroundImageUri":"/12584245928627999215/N682a11a9-19ee-466a-a146-c6a8f0cd3f31-logoSmallFile","displayName":"Customer Visit Log","description":"","commitMessage":"","appUris":{"documentUri":{"value":"/12584245928627999215/N0cdb866e-a56d-419a-9db7-f7f638067f51-document.msapp","readonlyValue":"/12584245928627999215/N0cdb866e-a56d-419a-9db7-f7f638067f51-document.msapp"},"imageUris":[]},"createdTime":"0001-01-01T00:00:00Z","lastModifiedTime":"0001-01-01T00:00:00Z","sharedGroupsCount":0,"sharedUsersCount":0,"icons":{"smallIconUri":"/12584245928627999215/N7f16529c-50d1-46c2-8623-be1fdfc660b1-small.png","mediumIconUri":"/12584245928627999215/N07026275-e144-42b1-b67a-ea7df5cbabc4-medium.png","largeIconUri":"/12584245928627999215/Nb3abfe93-3571-4d09-9a96-cded5feef5c6-large.png","wideIconUri":"/12584245928627999215/N121ae731-8ade-47be-bd73-0c54a466f171-wide.png"},"connectionReferences":{"7a32cb29-61a7-448f-b861-c6e8d5d607c7":{"id":"bc87e9ff-4899-489f-9f74-1f9116395f74","displayName":"Office 365 Outlook","iconUri":"https://connectoricons-prod.azureedge.net/office365/icon_1.0.1344.1994.png","dataSources":["Office365Outlook"],"dependencies":[],"dependents":[],"parameterHints":{},"isOnPremiseConnection":false,"bypassConsent":false,"dataSets":{},"apiTier":"Standard","isCustomApiConnection":false},"4d41358f-863b-411a-879c-8fd446885798":{"id":"5ec60c92-6456-48f5-a227-51811d76030e","displayName":"Dynamics 365","iconUri":"https://connectoricons-prod.azureedge.net/dynamicscrmonline/icon_1.0.1332.1958.png","dataSources":["Accounts","Opportunities"],"dependencies":[],"dependents":[],"parameterHints":{},"isOnPremiseConnection":false,"bypassConsent":false,"dataSets":{"microsoftsales55.crm":{"dataSources":{"Accounts":{"tableName":"accounts"},"Opportunities":{"tableName":"opportunities"}}}},"apiTier":"Premium","isCustomApiConnection":false}},"databaseReferences":{},"almMode":"Environment","performanceOptimizationEnabled":false,"canConsumeAppPass":true},"isAppComponentLibrary":false,"appType":"ClassicCanvasApp","appComponents":[]}}