{"schemaVersion":"1.0","appDefinitionTemplate":{"id":"/providers/Microsoft.PowerApps/apps/","type":"Microsoft.PowerApps/apps","tags":{"minimumRequiredApiVersion":"2.2.0"},"properties":{"appVersion":"2018-09-27T08:32:45Z","lifeCycleId":"Published","createdByClientVersion":{"major":3,"minor":18092,"build":18,"revision":0,"majorRevision":0,"minorRevision":0},"minClientVersion":{"major":3,"minor":18092,"build":18,"revision":0,"majorRevision":0,"minorRevision":0},"backgroundColor":"rgba(165, 34, 55, 1)","backgroundImageUri":"/2025562799095596008/Ne5ff79d3-35d3-44a3-b16e-c87489f940cc-logoSmallFile","displayName":"经销商销售助理(电话版) - Qoros","description":"","appUris":{"documentUri":{"value":"/2025562799095596008/N00321b96-d594-47ae-bf44-a62e5bf2cd9d-document.msapp","readonlyValue":"/2025562799095596008/N00321b96-d594-47ae-bf44-a62e5bf2cd9d-document.msapp"},"imageUris":[]},"createdTime":"0001-01-01T00:00:00Z","lastModifiedTime":"0001-01-01T00:00:00Z","sharedGroupsCount":0,"sharedUsersCount":0,"icons":{"smallIconUri":"/2025562799095596008/N4560685e-216c-4f37-aaca-a97036d23e31-small.png","mediumIconUri":"/2025562799095596008/N9ddc0a46-524c-4026-a500-4f80bdc50fac-medium.png","largeIconUri":"/2025562799095596008/N10040ed2-c30f-4814-b3ed-f9c421835a74-large.png","wideIconUri":"/2025562799095596008/N06f50740-664b-4a59-9f48-aa7f500d9e83-wide.png"},"connectionReferences":{"94910cfe-012b-462f-acf8-ab53b0e0ace4":{"id":"22918ffc-2b66-41cc-8364-627956961929","displayName":"SharePoint","iconUri":"https://connectoricons-prod.azureedge.net/sharepointonline/icon_1.0.1008.1183.png","dataSources":["Tesla Car Menu","Marketing events"],"dependencies":[],"dependents":[],"parameterHints":{},"isOnPremiseConnection":false,"bypassConsent":false,"dataSets":{"https://wellszhademo01.sharepoint.com/sites/auto":{"dataSources":{"Tesla Car Menu":{"tableName":"79ee9d1f-c0a8-4ebd-8cb6-bf614bb8ff33"},"Marketing events":{"tableName":"918028ed-baf4-49cd-a20f-5ba81f6ba02d"}}}},"apiTier":"Standard"},"85bfd772-6cd8-4f4a-a4f3-f84c523748a8":{"id":"85af500c-f049-48c2-b131-cd5f47580d82","displayName":"Dynamics 365","iconUri":"https://connectoricons-prod.azureedge.net/dynamicscrmonline/icon_1.0.1005.1178.png","dataSources":["潜在顾客","试乘试驾","电话联络","用户","活动","联系人"],"dependencies":[],"dependents":[],"parameterHints":{},"isOnPremiseConnection":false,"bypassConsent":false,"dataSets":{"auto.crm5":{"dataSources":{"潜在顾客":{"tableName":"leads"},"试乘试驾":{"tableName":"new_testdriveses"},"电话联络":{"tableName":"phonecalls"},"用户":{"tableName":"systemusers"},"活动":{"tableName":"activitypointers"},"联系人":{"tableName":"contacts"}}}},"apiTier":"Standard"},"12636e4f-8090-46ca-87b9-a075273afb99":{"id":"262469cf-22c5-4f37-a4c3-45eb0bb21ed9","displayName":"Bing Maps","iconUri":"https://az818438.vo.msecnd.net/officialicons/bingmaps/icon_1.0.970.1155_0cadac8b-d89a-44b6-8ffa-0ba69a09ed37.png","dataSources":["BingMaps"],"dependencies":[],"dependents":[],"parameterHints":{},"isOnPremiseConnection":false,"sharedConnectionId":"106fe8d1-24d6-4e52-89ef-21025c47da1c","bypassConsent":false,"dataSets":{},"apiTier":"Standard"},"8141cbb0-ae26-4c40-8ba2-faafb41b788c":{"id":"6c4b2c87-1d51-4331-80f6-fc4de532011d","displayName":"Excel","iconUri":"https://connectoricons-prod.azureedge.net/excel/icon_1.0.1018.1190.png","dataSources":["Table1"],"dependencies":["713f5842-a385-4940-9091-be0e68bd8c32"],"dependents":[],"parameterHints":{"713f5842-a385-4940-9091-be0e68bd8c32":{"value":"fileSource"}},"isOnPremiseConnection":false,"bypassConsent":false,"dataSets":{"01QOS35XHPAQGHDD3A7ZBZO27GQAK64W7N":{"dataSources":{"Table1":{"tableName":"Table1"}}}},"apiTier":"Standard"},"713f5842-a385-4940-9091-be0e68bd8c32":{"id":"21f16514-aad1-4953-8964-e170425ab8d2","displayName":"OneDrive for Business","iconUri":"https://connectoricons-prod.azureedge.net/onedriveforbusiness/icon_1.0.1061.1268.png","dataSources":[],"dependencies":[],"dependents":["8141cbb0-ae26-4c40-8ba2-faafb41b788c"],"parameterHints":{},"isOnPremiseConnection":false,"bypassConsent":false,"dataSets":{},"apiTier":"Standard"}},"authorizationReferences":[{"resourceId":"powerbi"}],"almMode":"Environment"}}}