{"$type":"Microsoft.PowerApps.Runtime.Metadata.Contracts.Entity, Microsoft.PowerApps.Runtime.Metadata.Contracts","TitleField":"PrimaryId","SubTitleField":null,"ThumbnailField":null,"Fields":[{"$type":"Microsoft.PowerApps.Runtime.Metadata.Contracts.Fields.NumberSequenceField, Microsoft.PowerApps.Runtime.Metadata.Contracts","Prefix":"","Name":"PrimaryId","DisplayName":"主 ID","Description":"主 ID","IsMandatory":false,"IsUnique":true,"Type":15,"IsSortable":true,"IsFilterable":true,"IsSearchable":false,"AllowEdit":false,"AllowEditOnCreate":false,"DisableDefaultingValue":false,"IsSystemField":false,"IsCustomizable":true},{"$type":"Microsoft.PowerApps.Runtime.Metadata.Contracts.Fields.TextField, Microsoft.PowerApps.Runtime.Metadata.Contracts","MaxLength":128,"Name":"Subject","DisplayName":"标题","Description":"标题","IsMandatory":true,"IsUnique":false,"Type":10,"IsSortable":true,"IsFilterable":true,"IsSearchable":true,"AllowEdit":false,"AllowEditOnCreate":false,"DisableDefaultingValue":false,"IsSystemField":false,"IsCustomizable":true},{"$type":"Microsoft.PowerApps.Runtime.Metadata.Contracts.Fields.MultilineTextField, Microsoft.PowerApps.Runtime.Metadata.Contracts","MaxLength":2048,"Name":"Description","DisplayName":"描述","Description":"描述","IsMandatory":false,"IsUnique":false,"Type":17,"IsSortable":true,"IsFilterable":true,"IsSearchable":false,"AllowEdit":false,"AllowEditOnCreate":false,"DisableDefaultingValue":false,"IsSystemField":false,"IsCustomizable":true},{"$type":"Microsoft.PowerApps.Runtime.Metadata.Contracts.Fields.DateTimeField, Microsoft.PowerApps.Runtime.Metadata.Contracts","Name":"DueDate","DisplayName":"到期","Description":"到期","IsMandatory":true,"IsUnique":false,"Type":1,"IsSortable":true,"IsFilterable":true,"IsSearchable":false,"AllowEdit":false,"AllowEditOnCreate":false,"DisableDefaultingValue":false,"IsSystemField":false,"IsCustomizable":true},{"$type":"Microsoft.PowerApps.Runtime.Metadata.Contracts.Fields.BigIntegerField, Microsoft.PowerApps.Runtime.Metadata.Contracts","MaxValue":9223372036854775807,"MinValue":0,"Name":"RecordId","DisplayName":"Id","Description":"The unique identifier for the entity.","IsMandatory":false,"IsUnique":false,"Type":4,"IsSortable":true,"IsFilterable":true,"IsSearchable":false,"AllowEdit":false,"AllowEditOnCreate":false,"IsSystemField":true,"IsCustomizable":false},{"$type":"Microsoft.PowerApps.Runtime.Metadata.Contracts.Fields.TextField, Microsoft.PowerApps.Runtime.Metadata.Contracts","MaxLength":128,"Name":"CreatedByUser","DisplayName":"@Foundation.CreatedByUser","Description":"@Foundation.CreatedByUser","IsMandatory":false,"IsUnique":false,"Type":10,"IsSortable":true,"IsFilterable":true,"IsSearchable":false,"AllowEdit":false,"AllowEditOnCreate":false,"IsSystemField":true,"IsCustomizable":false},{"$type":"Microsoft.PowerApps.Runtime.Metadata.Contracts.Fields.DateTimeField, Microsoft.PowerApps.Runtime.Metadata.Contracts","Name":"CreatedOnDateTime","DisplayName":"@Foundation.CreatedOnDateTime","Description":"@Foundation.CreatedOnDateTime","IsMandatory":false,"IsUnique":false,"Type":1,"IsSortable":true,"IsFilterable":true,"IsSearchable":false,"AllowEdit":false,"AllowEditOnCreate":false,"IsSystemField":true,"IsCustomizable":false},{"$type":"Microsoft.PowerApps.Runtime.Metadata.Contracts.Fields.TextField, Microsoft.PowerApps.Runtime.Metadata.Contracts","MaxLength":128,"Name":"LastModifiedByUser","DisplayName":"@Foundation.LastModifiedByUser","Description":"@Foundation.LastModifiedByUser","IsMandatory":false,"IsUnique":false,"Type":10,"IsSortable":true,"IsFilterable":true,"IsSearchable":false,"AllowEdit":false,"AllowEditOnCreate":false,"IsSystemField":true,"IsCustomizable":false},{"$type":"Microsoft.PowerApps.Runtime.Metadata.Contracts.Fields.DateTimeField, Microsoft.PowerApps.Runtime.Metadata.Contracts","Name":"LastModifiedDateTime","DisplayName":"@Foundation.LastModifiedDateTime","Description":"@Foundation.LastModifiedDateTime","IsMandatory":false,"IsUnique":false,"Type":1,"IsSortable":true,"IsFilterable":true,"IsSearchable":false,"AllowEdit":false,"AllowEditOnCreate":false,"IsSystemField":true,"IsCustomizable":false},{"$type":"Microsoft.PowerApps.Runtime.Metadata.Contracts.Fields.LookupField, Microsoft.PowerApps.Runtime.Metadata.Contracts","RelatedEntityName":"BusinessIntelligences_","IsHierarchical":false,"PhysicalFields":[{"$type":"Microsoft.PowerApps.Runtime.Metadata.Contracts.Fields.NumberSequenceField, Microsoft.PowerApps.Runtime.Metadata.Contracts","Prefix":"","Name":"BusinessIntelligences_PrimaryId","DisplayName":"主 ID","Description":"主 ID","IsMandatory":false,"IsUnique":true,"Type":15,"IsSortable":true,"IsFilterable":true,"IsSearchable":false,"AllowEdit":false,"AllowEditOnCreate":false,"DisableDefaultingValue":false,"IsSystemField":false,"IsCustomizable":true}],"Name":"BusinessIntelligences","DisplayName":"商情","Description":"商情","IsMandatory":false,"IsUnique":false,"Type":8,"IsSortable":true,"IsFilterable":true,"IsSearchable":false,"AllowEdit":false,"AllowEditOnCreate":false,"DisableDefaultingValue":false,"IsSystemField":false,"IsCustomizable":true},{"$type":"Microsoft.PowerApps.Runtime.Metadata.Contracts.Fields.EnumerationField, Microsoft.PowerApps.Runtime.Metadata.Contracts","EnumerationName":"TaskStatus_","Name":"Status","DisplayName":"状态","Description":"状态","IsMandatory":true,"IsUnique":false,"Type":12,"IsSortable":true,"IsFilterable":true,"IsSearchable":false,"AllowEdit":false,"AllowEditOnCreate":false,"DisableDefaultingValue":false,"IsSystemField":false,"IsCustomizable":true},{"$type":"Microsoft.PowerApps.Runtime.Metadata.Contracts.Fields.LookupField, Microsoft.PowerApps.Runtime.Metadata.Contracts","RelatedEntityName":"ApplicationUser","IsHierarchical":false,"PhysicalFields":[{"$type":"Microsoft.PowerApps.Runtime.Metadata.Contracts.Fields.TextField, Microsoft.PowerApps.Runtime.Metadata.Contracts","MaxLength":36,"Name":"TaskOwner_AADUserOID","DisplayName":"@Person.AADUserOId","Description":"@Person.AADUserOId","IsMandatory":true,"IsUnique":true,"Type":10,"IsSortable":true,"IsFilterable":true,"IsSearchable":true,"AllowEdit":true,"AllowEditOnCreate":true,"DefaultValue":"","IsSystemField":false,"IsCustomizable":false}],"Name":"TaskOwner","DisplayName":"任务负责人","Description":"任务负责人","IsMandatory":false,"IsUnique":false,"Type":8,"IsSortable":true,"IsFilterable":true,"IsSearchable":false,"AllowEdit":false,"AllowEditOnCreate":false,"DisableDefaultingValue":false,"IsSystemField":false,"IsCustomizable":true}],"FieldGroups":[{"$type":"Microsoft.PowerApps.Runtime.Metadata.Contracts.Fields.FieldGroup, Microsoft.PowerApps.Runtime.Metadata.Contracts","Name":"DefaultCreate","DisplayName":"@Foundation.DefaultCreate","Description":"Auto generated DefaultCreate field group","Fields":[]},{"$type":"Microsoft.PowerApps.Runtime.Metadata.Contracts.Fields.FieldGroup, Microsoft.PowerApps.Runtime.Metadata.Contracts","Name":"DefaultList","DisplayName":"@Foundation.DefaultList","Description":"Auto generated DefaultList field group","Fields":[]},{"$type":"Microsoft.PowerApps.Runtime.Metadata.Contracts.Fields.FieldGroup, Microsoft.PowerApps.Runtime.Metadata.Contracts","Name":"DefaultDetails","DisplayName":"@Foundation.DefaultDetails","Description":"Auto generated DefaultDetails field group","Fields":[]},{"$type":"Microsoft.PowerApps.Runtime.Metadata.Contracts.Fields.FieldGroup, Microsoft.PowerApps.Runtime.Metadata.Contracts","Name":"DefaultCard","DisplayName":"@Foundation.DefaultCard","Description":"Auto generated DefaultCard field group","Fields":[]},{"$type":"Microsoft.PowerApps.Runtime.Metadata.Contracts.Fields.FieldGroup, Microsoft.PowerApps.Runtime.Metadata.Contracts","Name":"DefaultLookup","DisplayName":"@Foundation.DefaultLookup","Description":"Auto generated DefaultLookup field group","Fields":[]},{"$type":"Microsoft.PowerApps.Runtime.Metadata.Contracts.Fields.FieldGroup, Microsoft.PowerApps.Runtime.Metadata.Contracts","Name":"DefaultReport","DisplayName":"@Foundation.DefaultReport","Description":"Auto generated DefaultReport field group","Fields":[]},{"$type":"Microsoft.PowerApps.Runtime.Metadata.Contracts.Fields.FieldGroup, Microsoft.PowerApps.Runtime.Metadata.Contracts","Name":"DefaultIdentification","DisplayName":"@Foundation.DefaultIdentification","Description":"Auto generated DefaultIdentification field group","Fields":[]}],"Keys":[{"$type":"Microsoft.PowerApps.Runtime.Metadata.Contracts.Key, Microsoft.PowerApps.Runtime.Metadata.Contracts","Name":"PrimaryKey","DisplayName":"主键","Description":"主键","IsUnique":true,"Fields":[{"$type":"Microsoft.PowerApps.Runtime.Metadata.Contracts.KeyField, Microsoft.PowerApps.Runtime.Metadata.Contracts","Name":"PrimaryId"}],"IsCustomizable":false}],"Relations":[{"$type":"Microsoft.PowerApps.Runtime.Metadata.Contracts.Relations.Relation, Microsoft.PowerApps.Runtime.Metadata.Contracts","Name":"BusinessIntelligences","DisplayName":"商情","Description":"","RelatedEntityName":"BusinessIntelligences_","Cardinality":1,"Type":0,"RelatedEntityRelationName":"Taskses","IsCustomizable":true},{"$type":"Microsoft.PowerApps.Runtime.Metadata.Contracts.Relations.Relation, Microsoft.PowerApps.Runtime.Metadata.Contracts","Name":"TaskOwner","DisplayName":"任务负责人","Description":"","RelatedEntityName":"ApplicationUser","Cardinality":1,"Type":0,"RelatedEntityRelationName":"Taskses_","IsCustomizable":true}],"Categories":[],"IsSystem":false,"IsDataReadOnly":false,"PrimaryKeyField":"PrimaryId","PrimaryKey":"PrimaryKey","Forms":null,"ValidationRules":[],"NotificationHandlers":[],"IsCustomizable":true,"Views":[],"BusinessRules":[],"CDSForms":[],"Dashboards":[],"Charts":[],"NamespaceId":"3abd367d-6389-4f15-8194-0331a9768469","Namespace":null,"ProvisioningState":{"$type":"Microsoft.PowerApps.Runtime.Common.Contracts.ProvisioningState, Microsoft.PowerApps.Runtime.Common.Contracts","Status":0,"Message":"Metadata provisioning succeeded. ","Purpose":null},"Name":"Tasks_","DisplayName":"任务","Description":"任务","CreatedDateTime":"2018-09-14T06:32:04.539816Z","CreatedBy":{"$type":"Microsoft.PowerApps.Runtime.Common.Contracts.Principal, Microsoft.PowerApps.Runtime.Common.Contracts","Id":"22dfc764-79d5-48bb-96bf-19d31a90d2a6","TenantId":"79c7b87e-1cf9-4611-bd19-1817cbd1a7bb","DisplayName":"WELLS ZHANG","Email":"WELLSZHA@WELLSZHAdemo01.onmicrosoft.com","Type":0},"ModifiedDateTime":"2018-09-15T15:17:08.5135541Z","ModifiedBy":{"$type":"Microsoft.PowerApps.Runtime.Common.Contracts.Principal, Microsoft.PowerApps.Runtime.Common.Contracts","Id":"22dfc764-79d5-48bb-96bf-19d31a90d2a6","TenantId":"79c7b87e-1cf9-4611-bd19-1817cbd1a7bb","DisplayName":"WELLS ZHANG","Email":"WELLSZHA@WELLSZHAdemo01.onmicrosoft.com","Type":0},"Version":"1.0.39.201708041","Properties":{"$type":"System.Collections.Generic.Dictionary`2[[System.String, mscorlib],[System.Object, mscorlib]], mscorlib","customCategories":[],"packageResourceKey":"1895f542-d2b2-4066-994c-8bdb24ec6403","packageResourceDependsOnKey":"[{\"Key\":\"aa6843fa-5076-4aed-a2fd-4186ef8c38d1\",\"Value\":{\"Key\":\"ApplicationUser\",\"Value\":\"Microsoft.CommonDataModel/environments/namespaces/entities\"}},{\"Key\":\"6d221c75-39cc-4803-a28b-c419df790a22\",\"Value\":{\"Key\":\"BusinessIntelligences_\",\"Value\":\"Microsoft.CommonDataModel/environments/namespaces/entities\"}},{\"Key\":\"7299c32e-7603-4fe9-a426-121fa8f25c1a\",\"Value\":{\"Key\":\"TaskStatus_\",\"Value\":\"Microsoft.CommonDataModel/environments/namespaces/enumerations\"}}]"}}