<ImportExportXml version="9.1.0.10732" SolutionPackageVersion="9.1" languagecode="2052" generatedBy="CrmLive" xmlns:xsi="http://www.w3.org/2001/XMLSchema-instance">
  <SolutionManifest>
    <UniqueName>qim</UniqueName>
    <LocalizedNames>
      <LocalizedName description="Quality and Inspection Management" languagecode="2052" />
    </LocalizedNames>
    <Descriptions />
    <Version>1.1</Version>
    <Managed>0</Managed>
    <Publisher>
      <UniqueName>Cr189c3</UniqueName>
      <LocalizedNames>
        <LocalizedName description="CDS Default Publisher" languagecode="2052" />
      </LocalizedNames>
      <Descriptions />
      <EMailAddress xsi:nil="true"></EMailAddress>
      <SupportingWebsiteUrl xsi:nil="true"></SupportingWebsiteUrl>
      <CustomizationPrefix>cre03</CustomizationPrefix>
      <CustomizationOptionValuePrefix>41777</CustomizationOptionValuePrefix>
      <Addresses>
        <Address>
          <AddressNumber>1</AddressNumber>
          <AddressTypeCode xsi:nil="true"></AddressTypeCode>
          <City xsi:nil="true"></City>
          <County xsi:nil="true"></County>
          <Country xsi:nil="true"></Country>
          <Fax xsi:nil="true"></Fax>
          <FreightTermsCode xsi:nil="true"></FreightTermsCode>
          <ImportSequenceNumber xsi:nil="true"></ImportSequenceNumber>
          <Latitude xsi:nil="true"></Latitude>
          <Line1 xsi:nil="true"></Line1>
          <Line2 xsi:nil="true"></Line2>
          <Line3 xsi:nil="true"></Line3>
          <Longitude xsi:nil="true"></Longitude>
          <Name xsi:nil="true"></Name>
          <PostalCode xsi:nil="true"></PostalCode>
          <PostOfficeBox xsi:nil="true"></PostOfficeBox>
          <PrimaryContactName xsi:nil="true"></PrimaryContactName>
          <ShippingMethodCode xsi:nil="true"></ShippingMethodCode>
          <StateOrProvince xsi:nil="true"></StateOrProvince>
          <Telephone1 xsi:nil="true"></Telephone1>
          <Telephone2 xsi:nil="true"></Telephone2>
          <Telephone3 xsi:nil="true"></Telephone3>
          <TimeZoneRuleVersionNumber xsi:nil="true"></TimeZoneRuleVersionNumber>
          <UPSZone xsi:nil="true"></UPSZone>
          <UTCOffset xsi:nil="true"></UTCOffset>
          <UTCConversionTimeZoneCode xsi:nil="true"></UTCConversionTimeZoneCode>
        </Address>
        <Address>
          <AddressNumber>2</AddressNumber>
          <AddressTypeCode xsi:nil="true"></AddressTypeCode>
          <City xsi:nil="true"></City>
          <County xsi:nil="true"></County>
          <Country xsi:nil="true"></Country>
          <Fax xsi:nil="true"></Fax>
          <FreightTermsCode xsi:nil="true"></FreightTermsCode>
          <ImportSequenceNumber xsi:nil="true"></ImportSequenceNumber>
          <Latitude xsi:nil="true"></Latitude>
          <Line1 xsi:nil="true"></Line1>
          <Line2 xsi:nil="true"></Line2>
          <Line3 xsi:nil="true"></Line3>
          <Longitude xsi:nil="true"></Longitude>
          <Name xsi:nil="true"></Name>
          <PostalCode xsi:nil="true"></PostalCode>
          <PostOfficeBox xsi:nil="true"></PostOfficeBox>
          <PrimaryContactName xsi:nil="true"></PrimaryContactName>
          <ShippingMethodCode xsi:nil="true"></ShippingMethodCode>
          <StateOrProvince xsi:nil="true"></StateOrProvince>
          <Telephone1 xsi:nil="true"></Telephone1>
          <Telephone2 xsi:nil="true"></Telephone2>
          <Telephone3 xsi:nil="true"></Telephone3>
          <TimeZoneRuleVersionNumber xsi:nil="true"></TimeZoneRuleVersionNumber>
          <UPSZone xsi:nil="true"></UPSZone>
          <UTCOffset xsi:nil="true"></UTCOffset>
          <UTCConversionTimeZoneCode xsi:nil="true"></UTCConversionTimeZoneCode>
        </Address>
      </Addresses>
    </Publisher>
    <RootComponents>
      <RootComponent type="1" schemaName="account" behavior="0" />
      <RootComponent type="1" schemaName="contact" behavior="0" />
      <RootComponent type="1" schemaName="cre03_inspectionmeasurement" behavior="0" />
      <RootComponent type="1" schemaName="cre03_inspectionrequest" behavior="0" />
      <RootComponent type="1" schemaName="cre03_inspectionstandard" behavior="0" />
      <RootComponent type="1" schemaName="cre03_inspectionstandarditem" behavior="0" />
      <RootComponent type="1" schemaName="cre03_iqmproducts" behavior="0" />
      <RootComponent type="1" schemaName="cre03_part" behavior="0" />
      <RootComponent type="1" schemaName="systemuser" behavior="0" />
      <RootComponent type="9" schemaName="cre03_measurerecord" behavior="0" />
      <RootComponent type="9" schemaName="cre03_specialcharacteristics" behavior="0" />
      <RootComponent type="60" id="{16a82cf1-e295-4ff5-95da-1ca0a256bef0}" behavior="0" />
      <RootComponent type="60" id="{5b166148-9670-41aa-b510-6e6eb178fb78}" behavior="0" />
      <RootComponent type="60" id="{653ae366-d789-43a8-a476-0bdec6a5eb87}" behavior="0" />
      <RootComponent type="60" id="{9f1ffe30-44b8-42b4-9989-3d41f590b28e}" behavior="0" />
      <RootComponent type="60" id="{db759b0f-6f8c-40e0-9da8-2a7898e7b4c5}" behavior="0" />
      <RootComponent type="60" id="{e9125e69-6749-418b-908e-75a4ee8bffb0}" behavior="0" />
      <RootComponent type="62" schemaName="cre03_QIM" behavior="0" />
      <RootComponent type="80" schemaName="cre03_QIM" behavior="0" />
      <RootComponent type="300" schemaName="cre03__07496" behavior="0" />
      <RootComponent type="300" schemaName="cre03__97f7a" behavior="0" />
    </RootComponents>
    <MissingDependencies>
      <MissingDependency>
        <Required key="0" type="1" schemaName="msdyn_onboardingprojectparticipantworkentry" displayName="Onboarding guide participant work entry" solution="msdyn_TalentApp (6.217.0)" />
        <Dependent key="1" type="1" schemaName="systemuser" displayName="用户" />
      </MissingDependency>
      <MissingDependency>
        <Required key="2" type="1" schemaName="msdyn_jobopeninghistory" displayName="Job opening history" solution="msdyn_TalentApp (6.217.0)" />
        <Dependent key="1" type="1" schemaName="systemuser" displayName="用户" />
      </MissingDependency>
      <MissingDependency>
        <Required key="3" type="1" schemaName="cr960_repairticket" displayName="叫修单" solution="Active" />
        <Dependent key="1" type="1" schemaName="systemuser" displayName="用户" />
      </MissingDependency>
      <MissingDependency>
        <Required key="4" type="1" schemaName="cr960_facilitydeviceassets" displayName="设备资产" solution="Active" />
        <Dependent key="1" type="1" schemaName="systemuser" displayName="用户" />
      </MissingDependency>
      <MissingDependency>
        <Required key="5" type="1" schemaName="cdm_worker" displayName="Worker" solution="HCMCommon (2.1.29.1)" />
        <Dependent key="1" type="1" schemaName="systemuser" displayName="用户" />
      </MissingDependency>
      <MissingDependency>
        <Required key="6" type="1" schemaName="msdyn_teammembershiprole" displayName="Team membership role" solution="msdyn_TalentApp (6.217.0)" />
        <Dependent key="1" type="1" schemaName="systemuser" displayName="用户" />
      </MissingDependency>
      <MissingDependency>
        <Required key="7" type="1" schemaName="msdyn_jobapplicationhistory" displayName="Job application history" solution="msdyn_TalentApp (6.217.0)" />
        <Dependent key="1" type="1" schemaName="systemuser" displayName="用户" />
      </MissingDependency>
      <MissingDependency>
        <Required key="8" type="1" schemaName="msdyn_candidatehistory" displayName="Candidate history" solution="msdyn_TalentApp (6.217.0)" />
        <Dependent key="1" type="1" schemaName="systemuser" displayName="用户" />
      </MissingDependency>
      <MissingDependency>
        <Required key="9" type="1" schemaName="cr960_store" displayName="门店" solution="Active" />
        <Dependent key="1" type="1" schemaName="systemuser" displayName="用户" />
      </MissingDependency>
      <MissingDependency>
        <Required key="10" type="1" schemaName="msdyn_candidate" displayName="Candidate" solution="msdyn_TalentApp (6.217.0)" />
        <Dependent key="11" type="1" schemaName="contact" displayName="联系人" />
      </MissingDependency>
      <MissingDependency>
        <Required key="12" type="1" schemaName="cr960_manufacturer" displayName="厂商" solution="Active" />
        <Dependent key="13" type="10" schemaName="cr960_cr960_manufacturer_systemuser_manufacturer" displayName="cr960_cr960_manufacturer_systemuser_manufacturer" parentSchemaName="systemuser" parentDisplayName="用户" />
      </MissingDependency>
      <MissingDependency>
        <Required key="9" type="1" schemaName="cr960_store" displayName="门店" solution="Active" />
        <Dependent key="14" type="10" schemaName="cr960_cr960_store_systemuser_Store" displayName="cr960_cr960_store_systemuser_Store" parentSchemaName="cr960_store" parentDisplayName="门店" />
      </MissingDependency>
      <MissingDependency>
        <Required key="15" type="2" schemaName="cr960_manufacturerid" displayName="厂商" parentSchemaName="cr960_manufacturer" parentDisplayName="厂商" solution="Active" />
        <Dependent key="13" type="10" schemaName="cr960_cr960_manufacturer_systemuser_manufacturer" displayName="cr960_cr960_manufacturer_systemuser_manufacturer" parentSchemaName="systemuser" parentDisplayName="用户" />
      </MissingDependency>
      <MissingDependency>
        <Required key="16" type="2" schemaName="cr960_storeid" displayName="Store" parentSchemaName="cr960_store" parentDisplayName="门店" solution="Active" />
        <Dependent key="14" type="10" schemaName="cr960_cr960_store_systemuser_Store" displayName="cr960_cr960_store_systemuser_Store" parentSchemaName="cr960_store" parentDisplayName="门店" />
      </MissingDependency>
      <MissingDependency>
        <Required key="17" type="2" schemaName="cr960_primaryname" displayName="厂商名称" parentSchemaName="cr960_manufacturer" parentDisplayName="厂商" solution="Active" />
        <Dependent key="13" type="10" schemaName="cr960_cr960_manufacturer_systemuser_manufacturer" displayName="cr960_cr960_manufacturer_systemuser_manufacturer" parentSchemaName="systemuser" parentDisplayName="用户" />
      </MissingDependency>
      <MissingDependency>
        <Required key="18" type="2" schemaName="cr960_primaryname" displayName="点址名称（中文）" parentSchemaName="cr960_store" parentDisplayName="门店" solution="Active" />
        <Dependent key="14" type="10" schemaName="cr960_cr960_store_systemuser_Store" displayName="cr960_cr960_store_systemuser_Store" parentSchemaName="cr960_store" parentDisplayName="门店" />
      </MissingDependency>
      <MissingDependency>
        <Required key="19" type="9" schemaName="cre03_inspectioncategory" displayName="委托类型" solution="Active" />
        <Dependent key="20" type="2" schemaName="cre03_inspectiontype" displayName="检验类型" parentSchemaName="cre03_inspectionstandard" parentDisplayName="检验指导书" />
      </MissingDependency>
      <MissingDependency>
        <Required key="21" type="9" schemaName="cr960_usertype" displayName="用户类型" solution="Active" />
        <Dependent key="22" type="2" schemaName="cr960_usertype" displayName="用户类型" parentSchemaName="systemuser" parentDisplayName="用户" />
      </MissingDependency>
      <MissingDependency>
        <Required key="23" type="60" displayName="用户窗体 – 业务" parentDisplayName="用户" solution="msdynce_AppCommon (9.0.4.0066)" id="{c2413504-7eb2-4c59-a087-95d819866114}" />
        <Dependent key="23" type="60" displayName="用户窗体 – 业务" parentDisplayName="用户" id="{c2413504-7eb2-4c59-a087-95d819866114}" />
      </MissingDependency>
      <MissingDependency>
        <Required key="24" type="61" schemaName="msdyn_/Images/AppModule_Default_Icon.png" displayName="msdyn_/Images/AppModule_Default_Icon.png" solution="AppModuleWebResources (2.5)" />
        <Dependent key="25" type="80" schemaName="cre03_QIM" displayName="质检管理" />
      </MissingDependency>
    </MissingDependencies>
  </SolutionManifest>
</ImportExportXml>