{"$type":"Microsoft.PowerApps.Runtime.Metadata.Contracts.Entity, Microsoft.PowerApps.Runtime.Metadata.Contracts","TitleField":"AccountId","SubTitleField":"Description","ThumbnailField":null,"Fields":[{"$type":"Microsoft.PowerApps.Runtime.Metadata.Contracts.Fields.LookupField, Microsoft.PowerApps.Runtime.Metadata.Contracts","RelatedEntityName":"ApplicationUser","IsHierarchical":false,"PhysicalFields":[{"$type":"Microsoft.PowerApps.Runtime.Metadata.Contracts.Fields.TextField, Microsoft.PowerApps.Runtime.Metadata.Contracts","MaxLength":36,"Name":"AccountOwner__AADUserOID","DisplayName":"@Person.AADUserOId","Description":"@Person.AADUserOId","IsMandatory":true,"IsUnique":true,"Type":10,"IsSortable":true,"IsFilterable":true,"IsSearchable":true,"AllowEdit":true,"AllowEditOnCreate":true,"DefaultValue":"","IsSystemField":false,"IsCustomizable":false}],"Name":"AccountOwner_","DisplayName":"帐户负责人","Description":"帐户负责人","IsMandatory":false,"IsUnique":false,"Type":8,"IsSortable":true,"IsFilterable":true,"IsSearchable":false,"AllowEdit":false,"AllowEditOnCreate":false,"DisableDefaultingValue":false,"IsSystemField":false,"IsCustomizable":true}],"FieldGroups":[{"$type":"Microsoft.PowerApps.Runtime.Metadata.Contracts.Fields.FieldGroup, Microsoft.PowerApps.Runtime.Metadata.Contracts","Name":"DefaultCreate","DisplayName":"@Foundation.DefaultCreate","Description":"Auto generated DefaultCreate field group","Fields":[{"$type":"Microsoft.PowerApps.Runtime.Metadata.Contracts.Fields.FieldGroupField, Microsoft.PowerApps.Runtime.Metadata.Contracts","Name":"FullName"},{"$type":"Microsoft.PowerApps.Runtime.Metadata.Contracts.Fields.FieldGroupField, Microsoft.PowerApps.Runtime.Metadata.Contracts","Name":"PersonName"},{"$type":"Microsoft.PowerApps.Runtime.Metadata.Contracts.Fields.FieldGroupField, Microsoft.PowerApps.Runtime.Metadata.Contracts","Name":"Status"},{"$type":"Microsoft.PowerApps.Runtime.Metadata.Contracts.Fields.FieldGroupField, Microsoft.PowerApps.Runtime.Metadata.Contracts","Name":"ParentAccount"},{"$type":"Microsoft.PowerApps.Runtime.Metadata.Contracts.Fields.FieldGroupField, Microsoft.PowerApps.Runtime.Metadata.Contracts","Name":"Description"},{"$type":"Microsoft.PowerApps.Runtime.Metadata.Contracts.Fields.FieldGroupField, Microsoft.PowerApps.Runtime.Metadata.Contracts","Name":"EmailPrimary"},{"$type":"Microsoft.PowerApps.Runtime.Metadata.Contracts.Fields.FieldGroupField, Microsoft.PowerApps.Runtime.Metadata.Contracts","Name":"WebsiteURL"},{"$type":"Microsoft.PowerApps.Runtime.Metadata.Contracts.Fields.FieldGroupField, Microsoft.PowerApps.Runtime.Metadata.Contracts","Name":"PhonePrimary"},{"$type":"Microsoft.PowerApps.Runtime.Metadata.Contracts.Fields.FieldGroupField, Microsoft.PowerApps.Runtime.Metadata.Contracts","Name":"PartyType"},{"$type":"Microsoft.PowerApps.Runtime.Metadata.Contracts.Fields.FieldGroupField, Microsoft.PowerApps.Runtime.Metadata.Contracts","Name":"Source"},{"$type":"Microsoft.PowerApps.Runtime.Metadata.Contracts.Fields.FieldGroupField, Microsoft.PowerApps.Runtime.Metadata.Contracts","Name":"IsEmailContactAllowed"},{"$type":"Microsoft.PowerApps.Runtime.Metadata.Contracts.Fields.FieldGroupField, Microsoft.PowerApps.Runtime.Metadata.Contracts","Name":"IsPhoneContactAllowed"}]},{"$type":"Microsoft.PowerApps.Runtime.Metadata.Contracts.Fields.FieldGroup, Microsoft.PowerApps.Runtime.Metadata.Contracts","Name":"DefaultList","DisplayName":"@Foundation.DefaultList","Description":"Auto generated DefaultList field group","Fields":[{"$type":"Microsoft.PowerApps.Runtime.Metadata.Contracts.Fields.FieldGroupField, Microsoft.PowerApps.Runtime.Metadata.Contracts","Name":"AccountId"},{"$type":"Microsoft.PowerApps.Runtime.Metadata.Contracts.Fields.FieldGroupField, Microsoft.PowerApps.Runtime.Metadata.Contracts","Name":"FullName"},{"$type":"Microsoft.PowerApps.Runtime.Metadata.Contracts.Fields.FieldGroupField, Microsoft.PowerApps.Runtime.Metadata.Contracts","Name":"Status"},{"$type":"Microsoft.PowerApps.Runtime.Metadata.Contracts.Fields.FieldGroupField, Microsoft.PowerApps.Runtime.Metadata.Contracts","Name":"PhonePrimary"},{"$type":"Microsoft.PowerApps.Runtime.Metadata.Contracts.Fields.FieldGroupField, Microsoft.PowerApps.Runtime.Metadata.Contracts","Name":"WebsiteURL"}]},{"$type":"Microsoft.PowerApps.Runtime.Metadata.Contracts.Fields.FieldGroup, Microsoft.PowerApps.Runtime.Metadata.Contracts","Name":"DefaultCard","DisplayName":"@Foundation.DefaultCard","Description":"Auto generated DefaultCard field group","Fields":[{"$type":"Microsoft.PowerApps.Runtime.Metadata.Contracts.Fields.FieldGroupField, Microsoft.PowerApps.Runtime.Metadata.Contracts","Name":"AccountId"},{"$type":"Microsoft.PowerApps.Runtime.Metadata.Contracts.Fields.FieldGroupField, Microsoft.PowerApps.Runtime.Metadata.Contracts","Name":"FullName"},{"$type":"Microsoft.PowerApps.Runtime.Metadata.Contracts.Fields.FieldGroupField, Microsoft.PowerApps.Runtime.Metadata.Contracts","Name":"Status"}]},{"$type":"Microsoft.PowerApps.Runtime.Metadata.Contracts.Fields.FieldGroup, Microsoft.PowerApps.Runtime.Metadata.Contracts","Name":"DefaultDetails","DisplayName":"@Foundation.DefaultDetails","Description":"Auto generated DefaultDetails field group","Fields":[{"$type":"Microsoft.PowerApps.Runtime.Metadata.Contracts.Fields.FieldGroupField, Microsoft.PowerApps.Runtime.Metadata.Contracts","Name":"AccountId"},{"$type":"Microsoft.PowerApps.Runtime.Metadata.Contracts.Fields.FieldGroupField, Microsoft.PowerApps.Runtime.Metadata.Contracts","Name":"FullName"},{"$type":"Microsoft.PowerApps.Runtime.Metadata.Contracts.Fields.FieldGroupField, Microsoft.PowerApps.Runtime.Metadata.Contracts","Name":"PersonName"},{"$type":"Microsoft.PowerApps.Runtime.Metadata.Contracts.Fields.FieldGroupField, Microsoft.PowerApps.Runtime.Metadata.Contracts","Name":"Status"},{"$type":"Microsoft.PowerApps.Runtime.Metadata.Contracts.Fields.FieldGroupField, Microsoft.PowerApps.Runtime.Metadata.Contracts","Name":"ParentAccount"},{"$type":"Microsoft.PowerApps.Runtime.Metadata.Contracts.Fields.FieldGroupField, Microsoft.PowerApps.Runtime.Metadata.Contracts","Name":"Description"},{"$type":"Microsoft.PowerApps.Runtime.Metadata.Contracts.Fields.FieldGroupField, Microsoft.PowerApps.Runtime.Metadata.Contracts","Name":"EmailPrimary"},{"$type":"Microsoft.PowerApps.Runtime.Metadata.Contracts.Fields.FieldGroupField, Microsoft.PowerApps.Runtime.Metadata.Contracts","Name":"WebsiteURL"},{"$type":"Microsoft.PowerApps.Runtime.Metadata.Contracts.Fields.FieldGroupField, Microsoft.PowerApps.Runtime.Metadata.Contracts","Name":"PhonePrimary"},{"$type":"Microsoft.PowerApps.Runtime.Metadata.Contracts.Fields.FieldGroupField, Microsoft.PowerApps.Runtime.Metadata.Contracts","Name":"MailingPostalAddress"},{"$type":"Microsoft.PowerApps.Runtime.Metadata.Contracts.Fields.FieldGroupField, Microsoft.PowerApps.Runtime.Metadata.Contracts","Name":"ShippingPostalAddress"}]},{"$type":"Microsoft.PowerApps.Runtime.Metadata.Contracts.Fields.FieldGroup, Microsoft.PowerApps.Runtime.Metadata.Contracts","Name":"DefaultLookup","DisplayName":"@Foundation.DefaultLookup","Description":"Auto generated DefaultLookup field group","Fields":[{"$type":"Microsoft.PowerApps.Runtime.Metadata.Contracts.Fields.FieldGroupField, Microsoft.PowerApps.Runtime.Metadata.Contracts","Name":"AccountId"},{"$type":"Microsoft.PowerApps.Runtime.Metadata.Contracts.Fields.FieldGroupField, Microsoft.PowerApps.Runtime.Metadata.Contracts","Name":"FullName"},{"$type":"Microsoft.PowerApps.Runtime.Metadata.Contracts.Fields.FieldGroupField, Microsoft.PowerApps.Runtime.Metadata.Contracts","Name":"Status"}]},{"$type":"Microsoft.PowerApps.Runtime.Metadata.Contracts.Fields.FieldGroup, Microsoft.PowerApps.Runtime.Metadata.Contracts","Name":"DefaultReport","DisplayName":"@Foundation.DefaultReport","Description":"Auto generated DefaultReport field group","Fields":[{"$type":"Microsoft.PowerApps.Runtime.Metadata.Contracts.Fields.FieldGroupField, Microsoft.PowerApps.Runtime.Metadata.Contracts","Name":"AccountId"},{"$type":"Microsoft.PowerApps.Runtime.Metadata.Contracts.Fields.FieldGroupField, Microsoft.PowerApps.Runtime.Metadata.Contracts","Name":"FullName"},{"$type":"Microsoft.PowerApps.Runtime.Metadata.Contracts.Fields.FieldGroupField, Microsoft.PowerApps.Runtime.Metadata.Contracts","Name":"PersonName"},{"$type":"Microsoft.PowerApps.Runtime.Metadata.Contracts.Fields.FieldGroupField, Microsoft.PowerApps.Runtime.Metadata.Contracts","Name":"Status"},{"$type":"Microsoft.PowerApps.Runtime.Metadata.Contracts.Fields.FieldGroupField, Microsoft.PowerApps.Runtime.Metadata.Contracts","Name":"ParentAccount"},{"$type":"Microsoft.PowerApps.Runtime.Metadata.Contracts.Fields.FieldGroupField, Microsoft.PowerApps.Runtime.Metadata.Contracts","Name":"Description"},{"$type":"Microsoft.PowerApps.Runtime.Metadata.Contracts.Fields.FieldGroupField, Microsoft.PowerApps.Runtime.Metadata.Contracts","Name":"EmailPrimary"},{"$type":"Microsoft.PowerApps.Runtime.Metadata.Contracts.Fields.FieldGroupField, Microsoft.PowerApps.Runtime.Metadata.Contracts","Name":"WebsiteURL"},{"$type":"Microsoft.PowerApps.Runtime.Metadata.Contracts.Fields.FieldGroupField, Microsoft.PowerApps.Runtime.Metadata.Contracts","Name":"PhonePrimary"}]},{"$type":"Microsoft.PowerApps.Runtime.Metadata.Contracts.Fields.FieldGroup, Microsoft.PowerApps.Runtime.Metadata.Contracts","Name":"DefaultIdentification","DisplayName":"@Foundation.DefaultIdentification","Description":"Auto generated DefaultIdentification field group","Fields":[{"$type":"Microsoft.PowerApps.Runtime.Metadata.Contracts.Fields.FieldGroupField, Microsoft.PowerApps.Runtime.Metadata.Contracts","Name":"AccountId"},{"$type":"Microsoft.PowerApps.Runtime.Metadata.Contracts.Fields.FieldGroupField, Microsoft.PowerApps.Runtime.Metadata.Contracts","Name":"FullName"}]}],"Keys":[{"$type":"Microsoft.PowerApps.Runtime.Metadata.Contracts.Key, Microsoft.PowerApps.Runtime.Metadata.Contracts","Name":"PrimaryKey","DisplayName":"Primary Key","Description":null,"IsUnique":true,"Fields":[{"$type":"Microsoft.PowerApps.Runtime.Metadata.Contracts.KeyField, Microsoft.PowerApps.Runtime.Metadata.Contracts","Name":"AccountId"}],"IsCustomizable":false}],"Relations":[{"$type":"Microsoft.PowerApps.Runtime.Metadata.Contracts.Relations.Relation, Microsoft.PowerApps.Runtime.Metadata.Contracts","Name":"AccountOwner_","DisplayName":"帐户负责人","Description":"","RelatedEntityName":"ApplicationUser","Cardinality":1,"Type":0,"RelatedEntityRelationName":"Accounts_","IsCustomizable":true}],"Categories":["Sales"],"IsSystem":false,"IsDataReadOnly":false,"PrimaryKeyField":"AccountId","PrimaryKey":"PrimaryKey","Forms":null,"ValidationRules":[],"NotificationHandlers":[],"IsCustomizable":false,"Views":[],"BusinessRules":[],"CDSForms":[],"Dashboards":[],"Charts":[],"NamespaceId":"3abd367d-6389-4f15-8194-0331a9768469","Namespace":null,"ProvisioningState":{"$type":"Microsoft.PowerApps.Runtime.Common.Contracts.ProvisioningState, Microsoft.PowerApps.Runtime.Common.Contracts","Status":0,"Message":"Metadata provisioning succeeded. ","Purpose":null},"Name":"Account","DisplayName":"@Foundation.Account","Description":"@Sales.AccountHelp","CreatedDateTime":"2017-10-11T01:18:09.8884434Z","CreatedBy":{"$type":"Microsoft.PowerApps.Runtime.Common.Contracts.Principal, Microsoft.PowerApps.Runtime.Common.Contracts","Id":"22dfc764-79d5-48bb-96bf-19d31a90d2a6","TenantId":"79c7b87e-1cf9-4611-bd19-1817cbd1a7bb","DisplayName":"WELLS ZHANG","Email":"WELLSZHA@WELLSZHAdemo01.onmicrosoft.com","Type":0},"ModifiedDateTime":"2018-09-15T14:19:54.1087685Z","ModifiedBy":{"$type":"Microsoft.PowerApps.Runtime.Common.Contracts.Principal, Microsoft.PowerApps.Runtime.Common.Contracts","Id":"22dfc764-79d5-48bb-96bf-19d31a90d2a6","TenantId":"79c7b87e-1cf9-4611-bd19-1817cbd1a7bb","DisplayName":"WELLS ZHANG","Email":"WELLSZHA@WELLSZHAdemo01.onmicrosoft.com","Type":0},"Version":"1.0.39.201708041","Properties":{"$type":"System.Collections.Generic.Dictionary`2[[System.String, mscorlib],[System.Object, mscorlib]], mscorlib","customCategories":[],"packageResourceKey":"89a65b8c-fdd1-4e33-aaf0-307976b99eb4","packageResourceDependsOnKey":"[{\"Key\":\"2716f0b9-1f98-402e-b560-7459c3f38562\",\"Value\":{\"Key\":\"Contact\",\"Value\":\"Microsoft.CommonDataModel/environments/namespaces/entities\"}},{\"Key\":\"12dba6d4-6d93-45bf-a2c1-70f4f7ae68a3\",\"Value\":{\"Key\":\"AccountGroup\",\"Value\":\"Microsoft.CommonDataModel/environments/namespaces/entities\"}},{\"Key\":\"1c13d7b1-63aa-466c-a5fa-8327c0cd7ac6\",\"Value\":{\"Key\":\"BusinessUnit\",\"Value\":\"Microsoft.CommonDataModel/environments/namespaces/entities\"}},{\"Key\":\"ab0b1cf4-4262-46d8-a46a-e438a2191c3a\",\"Value\":{\"Key\":\"Organization\",\"Value\":\"Microsoft.CommonDataModel/environments/namespaces/entities\"}},{\"Key\":\"aa6843fa-5076-4aed-a2fd-4186ef8c38d1\",\"Value\":{\"Key\":\"ApplicationUser\",\"Value\":\"Microsoft.CommonDataModel/environments/namespaces/entities\"}},{\"Key\":\"19b0b8f3-f6a7-44b9-9d7a-cf39471a75c1\",\"Value\":{\"Key\":\"PartyType\",\"Value\":\"Microsoft.CommonDataModel/environments/namespaces/enumerations\"}},{\"Key\":\"96c731fa-176c-495a-acb4-f228d662e875\",\"Value\":{\"Key\":\"SocialNetwork\",\"Value\":\"Microsoft.CommonDataModel/environments/namespaces/enumerations\"}},{\"Key\":\"30b0079d-b2cb-454e-b886-7c9ef067180d\",\"Value\":{\"Key\":\"StockExchange\",\"Value\":\"Microsoft.CommonDataModel/environments/namespaces/enumerations\"}},{\"Key\":\"4d0d9f7b-c530-4779-908d-6a592ed6cf1c\",\"Value\":{\"Key\":\"Source\",\"Value\":\"Microsoft.CommonDataModel/environments/namespaces/enumerations\"}},{\"Key\":\"56dee17d-37c4-406e-a216-a02f165a69c9\",\"Value\":{\"Key\":\"Gender\",\"Value\":\"Microsoft.CommonDataModel/environments/namespaces/enumerations\"}},{\"Key\":\"86f77421-ad3c-46c3-9e19-0228781a4743\",\"Value\":{\"Key\":\"IndustryCode\",\"Value\":\"Microsoft.CommonDataModel/environments/namespaces/enumerations\"}},{\"Key\":\"c0d49bfa-8cbd-4e55-b614-8acbc818e224\",\"Value\":{\"Key\":\"AccountStatus\",\"Value\":\"Microsoft.CommonDataModel/environments/namespaces/enumerations\"}},{\"Key\":\"db3c8a85-87eb-44cc-89db-8c108b73baaf\",\"Value\":{\"Key\":\"MaritalStatus\",\"Value\":\"Microsoft.CommonDataModel/environments/namespaces/enumerations\"}},{\"Key\":\"98845c38-5507-4894-8ca3-c00207956c06\",\"Value\":{\"Key\":\"CurrencyCode\",\"Value\":\"Microsoft.CommonDataModel/environments/namespaces/enumerations\"}},{\"Key\":\"681eab6b-f964-4b5d-826c-0f4c2165ed04\",\"Value\":{\"Key\":\"ShippingMethod\",\"Value\":\"Microsoft.CommonDataModel/environments/namespaces/enumerations\"}},{\"Key\":\"071dfbb7-86ae-4dfb-9996-1483f086bcc9\",\"Value\":{\"Key\":\"FreightTerms\",\"Value\":\"Microsoft.CommonDataModel/environments/namespaces/enumerations\"}},{\"Key\":\"4cbd8db4-4395-4385-83cf-484a63135d1f\",\"Value\":{\"Key\":\"PaymentTerms\",\"Value\":\"Microsoft.CommonDataModel/environments/namespaces/enumerations\"}}]"}}