<ImportExportXml version="9.1.0.17439" SolutionPackageVersion="9.1" languagecode="1033" generatedBy="CrmLive" xmlns:xsi="http://www.w3.org/2001/XMLSchema-instance">
  <SolutionManifest>
    <UniqueName>PMOAssistant</UniqueName>
    <LocalizedNames>
      <LocalizedName description="PMO Assistant" languagecode="1033" />
      <LocalizedName description="PMO Assistant" languagecode="2052" />
    </LocalizedNames>
    <Descriptions />
    <Version>1.0.0.1</Version>
    <Managed>0</Managed>
    <Publisher>
      <UniqueName>dynamicsgcr</UniqueName>
      <LocalizedNames>
        <LocalizedName description="Dynamics GCR" languagecode="1033" />
      </LocalizedNames>
      <Descriptions />
      <EMailAddress xsi:nil="true"></EMailAddress>
      <SupportingWebsiteUrl xsi:nil="true"></SupportingWebsiteUrl>
      <CustomizationPrefix>gcr</CustomizationPrefix>
      <CustomizationOptionValuePrefix>80450</CustomizationOptionValuePrefix>
      <Addresses>
        <Address>
          <AddressNumber>1</AddressNumber>
          <AddressTypeCode>1</AddressTypeCode>
          <City xsi:nil="true"></City>
          <County xsi:nil="true"></County>
          <Country xsi:nil="true"></Country>
          <Fax xsi:nil="true"></Fax>
          <FreightTermsCode xsi:nil="true"></FreightTermsCode>
          <ImportSequenceNumber xsi:nil="true"></ImportSequenceNumber>
          <Latitude xsi:nil="true"></Latitude>
          <Line1 xsi:nil="true"></Line1>
          <Line2 xsi:nil="true"></Line2>
          <Line3 xsi:nil="true"></Line3>
          <Longitude xsi:nil="true"></Longitude>
          <Name xsi:nil="true"></Name>
          <PostalCode xsi:nil="true"></PostalCode>
          <PostOfficeBox xsi:nil="true"></PostOfficeBox>
          <PrimaryContactName xsi:nil="true"></PrimaryContactName>
          <ShippingMethodCode>1</ShippingMethodCode>
          <StateOrProvince xsi:nil="true"></StateOrProvince>
          <Telephone1 xsi:nil="true"></Telephone1>
          <Telephone2 xsi:nil="true"></Telephone2>
          <Telephone3 xsi:nil="true"></Telephone3>
          <TimeZoneRuleVersionNumber xsi:nil="true"></TimeZoneRuleVersionNumber>
          <UPSZone xsi:nil="true"></UPSZone>
          <UTCOffset xsi:nil="true"></UTCOffset>
          <UTCConversionTimeZoneCode xsi:nil="true"></UTCConversionTimeZoneCode>
        </Address>
        <Address>
          <AddressNumber>2</AddressNumber>
          <AddressTypeCode>1</AddressTypeCode>
          <City xsi:nil="true"></City>
          <County xsi:nil="true"></County>
          <Country xsi:nil="true"></Country>
          <Fax xsi:nil="true"></Fax>
          <FreightTermsCode xsi:nil="true"></FreightTermsCode>
          <ImportSequenceNumber xsi:nil="true"></ImportSequenceNumber>
          <Latitude xsi:nil="true"></Latitude>
          <Line1 xsi:nil="true"></Line1>
          <Line2 xsi:nil="true"></Line2>
          <Line3 xsi:nil="true"></Line3>
          <Longitude xsi:nil="true"></Longitude>
          <Name xsi:nil="true"></Name>
          <PostalCode xsi:nil="true"></PostalCode>
          <PostOfficeBox xsi:nil="true"></PostOfficeBox>
          <PrimaryContactName xsi:nil="true"></PrimaryContactName>
          <ShippingMethodCode>1</ShippingMethodCode>
          <StateOrProvince xsi:nil="true"></StateOrProvince>
          <Telephone1 xsi:nil="true"></Telephone1>
          <Telephone2 xsi:nil="true"></Telephone2>
          <Telephone3 xsi:nil="true"></Telephone3>
          <TimeZoneRuleVersionNumber xsi:nil="true"></TimeZoneRuleVersionNumber>
          <UPSZone xsi:nil="true"></UPSZone>
          <UTCOffset xsi:nil="true"></UTCOffset>
          <UTCConversionTimeZoneCode xsi:nil="true"></UTCConversionTimeZoneCode>
        </Address>
      </Addresses>
    </Publisher>
    <RootComponents>
      <RootComponent type="1" schemaName="gcr_project" behavior="0" />
      <RootComponent type="1" schemaName="new_epprojectprocess" behavior="0" />
      <RootComponent type="1" schemaName="systemuser" behavior="0" />
      <RootComponent type="29" id="{76d0a5eb-7014-4393-b5e4-fb1a2da7b3a8}" behavior="0" />
      <RootComponent type="80" schemaName="gcr_EPProgramManagement" behavior="0" />
      <RootComponent type="300" schemaName="gcr_epprogrammanager_2d84f" behavior="0" />
    </RootComponents>
    <MissingDependencies>
      <MissingDependency>
        <Required key="0" type="1" schemaName="uomschedule" displayName="Unit Group" solution="msdynce_ProductManagement (9.0.4.0066)" />
        <Dependent key="1" type="1" schemaName="systemuser" displayName="User" />
      </MissingDependency>
      <MissingDependency>
        <Required key="2" type="1" schemaName="msdyn_projectapproval" displayName="Project Approval" solution="ProjectService (1.1.0.62)" />
        <Dependent key="1" type="1" schemaName="systemuser" displayName="User" />
      </MissingDependency>
      <MissingDependency>
        <Required key="3" type="1" schemaName="ratingvalue" displayName="Rating Value" solution="msdynce_Scheduling (9.0.0.0)" />
        <Dependent key="1" type="1" schemaName="systemuser" displayName="User" />
      </MissingDependency>
      <MissingDependency>
        <Required key="4" type="1" schemaName="lead" displayName="Lead" solution="msdynce_LeadManagement (9.0.4.0066)" />
        <Dependent key="1" type="1" schemaName="systemuser" displayName="User" />
      </MissingDependency>
      <MissingDependency>
        <Required key="5" type="1" schemaName="incident" displayName="Case" solution="msdynce_Service (9.0.5.56)" />
        <Dependent key="1" type="1" schemaName="systemuser" displayName="User" />
      </MissingDependency>
      <MissingDependency>
        <Required key="6" type="1" schemaName="bookableresource" displayName="Bookable Resource" solution="msdynce_Scheduling (9.0.0.0)" />
        <Dependent key="1" type="1" schemaName="systemuser" displayName="User" />
      </MissingDependency>
      <MissingDependency>
        <Required key="7" type="1" schemaName="entitlement" displayName="Entitlement" solution="msdynce_Service (9.0.5.56)" />
        <Dependent key="1" type="1" schemaName="systemuser" displayName="User" />
      </MissingDependency>
      <MissingDependency>
        <Required key="8" type="1" schemaName="msdyn_vocconfiguration" displayName="Voice of the Customer Configuration" solution="VoiceOfTheCustomer (8.3.613.4)" />
        <Dependent key="1" type="1" schemaName="systemuser" displayName="User" />
      </MissingDependency>
      <MissingDependency>
        <Required key="9" type="1" schemaName="product" displayName="Product" solution="msdynce_ProductManagement (9.0.4.0066)" />
        <Dependent key="1" type="1" schemaName="systemuser" displayName="User" />
      </MissingDependency>
      <MissingDependency>
        <Required key="10" type="1" schemaName="quote" displayName="Quote" solution="msdynce_Sales (9.0.4.0076)" />
        <Dependent key="1" type="1" schemaName="systemuser" displayName="User" />
      </MissingDependency>
      <MissingDependency>
        <Required key="11" type="1" schemaName="msdyn_survey" displayName="Survey" solution="VoiceOfTheCustomer (8.3.613.4)" />
        <Dependent key="1" type="1" schemaName="systemuser" displayName="User" />
      </MissingDependency>
      <MissingDependency>
        <Required key="12" type="1" schemaName="productpricelevel" displayName="Price List Item" solution="msdynce_ProductManagement (9.0.4.0066)" />
        <Dependent key="1" type="1" schemaName="systemuser" displayName="User" />
      </MissingDependency>
      <MissingDependency>
        <Required key="13" type="1" schemaName="ratingmodel" displayName="Rating Model" solution="msdynce_Scheduling (9.0.0.0)" />
        <Dependent key="1" type="1" schemaName="systemuser" displayName="User" />
      </MissingDependency>
      <MissingDependency>
        <Required key="14" type="1" schemaName="bookableresourcecategoryassn" displayName="Bookable Resource Category Assn" solution="msdynce_Scheduling (9.0.0.0)" />
        <Dependent key="1" type="1" schemaName="systemuser" displayName="User" />
      </MissingDependency>
      <MissingDependency>
        <Required key="15" type="1" schemaName="invoice" displayName="Invoice" solution="msdynce_Sales (9.0.4.0076)" />
        <Dependent key="1" type="1" schemaName="systemuser" displayName="User" />
      </MissingDependency>
      <MissingDependency>
        <Required key="16" type="1" schemaName="opportunity" displayName="Opportunity" solution="msdynce_Sales (9.0.4.0076)" />
        <Dependent key="1" type="1" schemaName="systemuser" displayName="User" />
      </MissingDependency>
      <MissingDependency>
        <Required key="17" type="1" schemaName="uom" displayName="Unit" solution="msdynce_ProductManagement (9.0.4.0066)" />
        <Dependent key="1" type="1" schemaName="systemuser" displayName="User" />
      </MissingDependency>
      <MissingDependency>
        <Required key="18" type="1" schemaName="contract" displayName="Contract" solution="msdynce_Service (9.0.5.56)" />
        <Dependent key="1" type="1" schemaName="systemuser" displayName="User" />
      </MissingDependency>
      <MissingDependency>
        <Required key="19" type="1" schemaName="quotedetail" displayName="Quote Line" solution="msdynce_Sales (9.0.4.0076)" />
        <Dependent key="1" type="1" schemaName="systemuser" displayName="User" />
      </MissingDependency>
      <MissingDependency>
        <Required key="20" type="1" schemaName="msdyn_expense" displayName="Expense" solution="ProjectService (1.1.0.62)" />
        <Dependent key="1" type="1" schemaName="systemuser" displayName="User" />
      </MissingDependency>
      <MissingDependency>
        <Required key="21" type="1" schemaName="dynamicpropertyinstance" displayName="Property Instance" solution="msdynce_ProductManagement (9.0.4.0066)" />
        <Dependent key="1" type="1" schemaName="systemuser" displayName="User" />
      </MissingDependency>
      <MissingDependency>
        <Required key="22" type="1" schemaName="service" displayName="Service" solution="msdynce_Service (9.0.5.56)" />
        <Dependent key="1" type="1" schemaName="systemuser" displayName="User" />
      </MissingDependency>
      <MissingDependency>
        <Required key="23" type="1" schemaName="msdyn_purchaseorderreceipt" displayName="Purchase Order Receipt" solution="FieldService (6.2.0.342)" />
        <Dependent key="1" type="1" schemaName="systemuser" displayName="User" />
      </MissingDependency>
      <MissingDependency>
        <Required key="24" type="1" schemaName="msdyn_resourcerequest" displayName="Resource Request" solution="ProjectService (1.1.0.62)" />
        <Dependent key="1" type="1" schemaName="systemuser" displayName="User" />
      </MissingDependency>
      <MissingDependency>
        <Required key="25" type="1" schemaName="salesorderdetail" displayName="Order Line" solution="msdynce_Sales (9.0.4.0076)" />
        <Dependent key="1" type="1" schemaName="systemuser" displayName="User" />
      </MissingDependency>
      <MissingDependency>
        <Required key="26" type="1" schemaName="invoicedetail" displayName="Invoice Line" solution="msdynce_Sales (9.0.4.0076)" />
        <Dependent key="1" type="1" schemaName="systemuser" displayName="User" />
      </MissingDependency>
      <MissingDependency>
        <Required key="27" type="1" schemaName="resco_mobiledevice" displayName="Mobile Device" solution="Woodford (8.1.3.0)" />
        <Dependent key="1" type="1" schemaName="systemuser" displayName="User" />
      </MissingDependency>
      <MissingDependency>
        <Required key="28" type="1" schemaName="equipment" displayName="Facility/Equipment" solution="msdynce_Service (9.0.5.56)" />
        <Dependent key="1" type="1" schemaName="systemuser" displayName="User" />
      </MissingDependency>
      <MissingDependency>
        <Required key="29" type="1" schemaName="msdyusd_usersettings" displayName="User Setting" solution="DynamicsUnifiedServiceDesk (3.2.0.886)" />
        <Dependent key="1" type="1" schemaName="systemuser" displayName="User" />
      </MissingDependency>
      <MissingDependency>
        <Required key="30" type="1" schemaName="contractdetail" displayName="Contract Line" solution="msdynce_Service (9.0.5.56)" />
        <Dependent key="1" type="1" schemaName="systemuser" displayName="User" />
      </MissingDependency>
      <MissingDependency>
        <Required key="31" type="1" schemaName="bookableresourcecategory" displayName="Bookable Resource Category" solution="msdynce_Scheduling (9.0.0.0)" />
        <Dependent key="1" type="1" schemaName="systemuser" displayName="User" />
      </MissingDependency>
      <MissingDependency>
        <Required key="32" type="1" schemaName="dynamicproperty" displayName="Property" solution="msdynce_ProductManagement (9.0.4.0066)" />
        <Dependent key="1" type="1" schemaName="systemuser" displayName="User" />
      </MissingDependency>
      <MissingDependency>
        <Required key="33" type="1" schemaName="msdyn_surveyresponse" displayName="Survey Response" solution="VoiceOfTheCustomer (8.3.613.4)" />
        <Dependent key="1" type="1" schemaName="systemuser" displayName="User" />
      </MissingDependency>
      <MissingDependency>
        <Required key="34" type="1" schemaName="msdyn_timeoffrequest" displayName="Time Off Request" solution="FieldService (6.2.0.342)" />
        <Dependent key="1" type="1" schemaName="systemuser" displayName="User" />
      </MissingDependency>
      <MissingDependency>
        <Required key="35" type="1" schemaName="msdyn_rma" displayName="RMA" solution="FieldService (6.2.0.342)" />
        <Dependent key="1" type="1" schemaName="systemuser" displayName="User" />
      </MissingDependency>
      <MissingDependency>
        <Required key="36" type="1" schemaName="dynamicpropertyoptionsetitem" displayName="Property Option Set Item" solution="msdynce_ProductManagement (9.0.4.0066)" />
        <Dependent key="1" type="1" schemaName="systemuser" displayName="User" />
      </MissingDependency>
      <MissingDependency>
        <Required key="37" type="1" schemaName="salesorder" displayName="Order" solution="msdynce_Sales (9.0.4.0076)" />
        <Dependent key="1" type="1" schemaName="systemuser" displayName="User" />
      </MissingDependency>
      <MissingDependency>
        <Required key="38" type="1" schemaName="pricelevel" displayName="Price List" solution="msdynce_ProductManagement (9.0.4.0066)" />
        <Dependent key="1" type="1" schemaName="systemuser" displayName="User" />
      </MissingDependency>
      <MissingDependency>
        <Required key="39" type="1" schemaName="territory" displayName="Territory" solution="msdynce_AppCommon (9.0.4.0066)" />
        <Dependent key="1" type="1" schemaName="systemuser" displayName="User" />
      </MissingDependency>
      <MissingDependency>
        <Required key="40" type="1" schemaName="uii_sessiontransfer" displayName="UII Session Transfer" solution="UiiForMicrosoftDynamicsCRM2011 (3.7.0.886)" />
        <Dependent key="1" type="1" schemaName="systemuser" displayName="User" />
      </MissingDependency>
      <MissingDependency>
        <Required key="41" type="1" schemaName="msdyn_wallsavedqueryusersettings" displayName="Filter" solution="ActivityFeedsCore (9.0.0.0)" />
        <Dependent key="1" type="1" schemaName="systemuser" displayName="User" />
      </MissingDependency>
      <MissingDependency>
        <Required key="42" type="1" schemaName="campaign" displayName="Campaign" solution="msdynce_Marketing (9.0.4.37)" />
        <Dependent key="1" type="1" schemaName="systemuser" displayName="User" />
      </MissingDependency>
      <MissingDependency>
        <Required key="43" type="1" schemaName="msdyn_responseaction" displayName="Response Action" solution="VoiceOfTheCustomer (8.3.613.4)" />
        <Dependent key="1" type="1" schemaName="systemuser" displayName="User" />
      </MissingDependency>
      <MissingDependency>
        <Required key="44" type="1" schemaName="msdyn_fieldservicesystemjob" displayName="Field Service System Job" solution="FieldService (6.2.0.342)" />
        <Dependent key="1" type="1" schemaName="systemuser" displayName="User" />
      </MissingDependency>
      <MissingDependency>
        <Required key="45" type="1" schemaName="msdyn_rmareceipt" displayName="RMA Receipt" solution="FieldService (6.2.0.342)" />
        <Dependent key="1" type="1" schemaName="systemuser" displayName="User" />
      </MissingDependency>
      <MissingDependency>
        <Required key="46" type="1" schemaName="discounttype" displayName="Discount List" solution="msdynce_Sales (9.0.4.0076)" />
        <Dependent key="1" type="1" schemaName="systemuser" displayName="User" />
      </MissingDependency>
      <MissingDependency>
        <Required key="47" type="1" schemaName="msdyn_rtv" displayName="RTV" solution="FieldService (6.2.0.342)" />
        <Dependent key="1" type="1" schemaName="systemuser" displayName="User" />
      </MissingDependency>
      <MissingDependency>
        <Required key="48" type="1" schemaName="adx_webformsession" displayName="Web Form Session" solution="MicrosoftWebForms (8.4.0.9)" />
        <Dependent key="1" type="1" schemaName="systemuser" displayName="User" />
      </MissingDependency>
      <MissingDependency>
        <Required key="49" type="1" schemaName="characteristic" displayName="Characteristic" solution="msdynce_Scheduling (9.0.0.0)" />
        <Dependent key="1" type="1" schemaName="systemuser" displayName="User" />
      </MissingDependency>
      <MissingDependency>
        <Required key="50" type="1" schemaName="msdyn_project" displayName="Project" solution="ProjectService (1.1.0.62)" />
        <Dependent key="1" type="1" schemaName="systemuser" displayName="User" />
      </MissingDependency>
      <MissingDependency>
        <Required key="51" type="1" schemaName="gamify_player" displayName="Player" solution="Gamification (2017.5.15)" />
        <Dependent key="1" type="1" schemaName="systemuser" displayName="User" />
      </MissingDependency>
      <MissingDependency>
        <Required key="52" type="1" schemaName="msdyn_surveyinvite" displayName="Survey Activity" solution="VoiceOfTheCustomer (8.3.613.4)" />
        <Dependent key="1" type="1" schemaName="systemuser" displayName="User" />
      </MissingDependency>
      <MissingDependency>
        <Required key="53" type="1" schemaName="opportunityproduct" displayName="Opportunity Line" solution="msdynce_Sales (9.0.4.0076)" />
        <Dependent key="1" type="1" schemaName="systemuser" displayName="User" />
      </MissingDependency>
      <MissingDependency>
        <Required key="54" type="1" schemaName="msdyn_purchaseorder" displayName="Purchase Order" solution="FieldService (6.2.0.342)" />
        <Dependent key="1" type="1" schemaName="systemuser" displayName="User" />
      </MissingDependency>
      <MissingDependency>
        <Required key="55" type="1" schemaName="dynamicpropertyassociation" displayName="Property Association" solution="msdynce_ProductManagement (9.0.4.0066)" />
        <Dependent key="1" type="1" schemaName="systemuser" displayName="User" />
      </MissingDependency>
      <MissingDependency>
        <Required key="56" type="1" schemaName="msdyusd_configuration" displayName="Configuration" solution="DynamicsUnifiedServiceDesk (3.2.0.886)" />
        <Dependent key="57" type="10" schemaName="msdyusd_configuration_users" displayName="msdyusd_configuration_users" parentSchemaName="systemuser" parentDisplayName="User" />
      </MissingDependency>
      <MissingDependency>
        <Required key="58" type="1" schemaName="msfp_survey" displayName="Forms Pro survey" solution="MicrosoftFormsPro (1.23.0.0)" />
        <Dependent key="1" type="1" schemaName="systemuser" displayName="User" />
      </MissingDependency>
      <MissingDependency>
        <Required key="59" type="1" schemaName="msdyn_workorder" displayName="Work Order" solution="FieldService (6.2.0.342)" />
        <Dependent key="1" type="1" schemaName="systemuser" displayName="User" />
      </MissingDependency>
      <MissingDependency>
        <Required key="60" type="1" schemaName="msdyn_systemuserschedulersetting" displayName="System User Scheduler Setting" solution="MicrosoftDynamicsScheduling (1.1.0.60)" />
        <Dependent key="1" type="1" schemaName="systemuser" displayName="User" />
      </MissingDependency>
      <MissingDependency>
        <Required key="61" type="1" schemaName="msdyn_pendinggroupmembers" displayName="Pending Group Members" solution="Office365Groups (2.7.0.0)" />
        <Dependent key="1" type="1" schemaName="systemuser" displayName="User" />
      </MissingDependency>
      <MissingDependency>
        <Required key="62" type="1" schemaName="msdyn_timeentry" displayName="Time Entry" solution="ProjectService (1.1.0.62)" />
        <Dependent key="1" type="1" schemaName="systemuser" displayName="User" />
      </MissingDependency>
      <MissingDependency>
        <Required key="63" type="1" schemaName="msdyn_bpf_baa0a411a239410cb8bded8b5fdd88e3" displayName="Agreement Business Process" solution="FieldService (6.2.0.342)" />
        <Dependent key="64" type="80" schemaName="gcr_EPProgramManagement" displayName="EP Program Management" />
      </MissingDependency>
      <MissingDependency>
        <Required key="65" type="1" schemaName="msdyn_agreementinvoicesetup" displayName="Agreement Invoice Setup" solution="FieldService (6.2.0.342)" />
        <Dependent key="64" type="80" schemaName="gcr_EPProgramManagement" displayName="EP Program Management" />
      </MissingDependency>
      <MissingDependency>
        <Required key="66" type="1" schemaName="msdyn_agreement" displayName="Agreement" solution="FieldService (6.2.0.342)" />
        <Dependent key="64" type="80" schemaName="gcr_EPProgramManagement" displayName="EP Program Management" />
      </MissingDependency>
      <MissingDependency>
        <Required key="67" type="1" schemaName="msdyn_agreementbookingsetup" displayName="Agreement Booking Setup" solution="FieldService (6.2.0.342)" />
        <Dependent key="64" type="80" schemaName="gcr_EPProgramManagement" displayName="EP Program Management" />
      </MissingDependency>
      <MissingDependency>
        <Required key="68" type="1" schemaName="msdyn_bpf_665e73aa18c247d886bfc50499c73b82" displayName="Project Stages" solution="ProjectService (1.1.0.62)" />
        <Dependent key="69" type="300" schemaName="gcr_epprogrammanager_2d84f" displayName="EP Program Manager" />
      </MissingDependency>
      <MissingDependency>
        <Required key="70" type="2" schemaName="msdyusd_configurationid" displayName="Configuration" parentSchemaName="msdyusd_configuration" parentDisplayName="Configuration" solution="DynamicsUnifiedServiceDesk (3.2.0.886)" />
        <Dependent key="57" type="10" schemaName="msdyusd_configuration_users" displayName="msdyusd_configuration_users" parentSchemaName="systemuser" parentDisplayName="User" />
      </MissingDependency>
      <MissingDependency>
        <Required key="71" type="2" schemaName="msdyusd_name" displayName="Name" parentSchemaName="msdyusd_configuration" parentDisplayName="Configuration" solution="DynamicsUnifiedServiceDesk (3.2.0.886)" />
        <Dependent key="57" type="10" schemaName="msdyusd_configuration_users" displayName="msdyusd_configuration_users" parentSchemaName="systemuser" parentDisplayName="User" />
      </MissingDependency>
      <MissingDependency>
        <Required key="72" type="2" schemaName="msdyusd_usdconfigurationid" displayName="Unified Service Desk Configuration" parentSchemaName="systemuser" parentDisplayName="User" solution="DynamicsUnifiedServiceDesk (3.2.0.886)" />
        <Dependent key="57" type="10" schemaName="msdyusd_configuration_users" displayName="msdyusd_configuration_users" parentSchemaName="systemuser" parentDisplayName="User" />
      </MissingDependency>
      <MissingDependency>
        <Required key="73" type="2" schemaName="territoryid" displayName="Territory" parentSchemaName="systemuser" parentDisplayName="User" solution="msdynce_AppCommon (9.0.4.0066)" />
        <Dependent key="74" type="60" displayName="信息" parentDisplayName="User" id="{c0d7d7dd-afd0-4675-85fe-1cc5a48be6df}" />
      </MissingDependency>
      <MissingDependency>
        <Required key="75" type="2" schemaName="siteid" displayName="Site" parentSchemaName="systemuser" parentDisplayName="User" solution="msdynce_Service (9.0.5.56)" />
        <Dependent key="75" type="2" schemaName="siteid" displayName="Site" parentSchemaName="systemuser" parentDisplayName="User" />
      </MissingDependency>
      <MissingDependency>
        <Required key="72" type="2" schemaName="msdyusd_usdconfigurationid" displayName="Unified Service Desk Configuration" parentSchemaName="systemuser" parentDisplayName="User" solution="DynamicsUnifiedServiceDesk (3.2.0.886)" />
        <Dependent key="74" type="60" displayName="信息" parentDisplayName="User" id="{c0d7d7dd-afd0-4675-85fe-1cc5a48be6df}" />
      </MissingDependency>
      <MissingDependency>
        <Required key="73" type="2" schemaName="territoryid" displayName="Territory" parentSchemaName="systemuser" parentDisplayName="User" solution="msdynce_AppCommon (9.0.4.0066)" />
        <Dependent key="76" type="26" schemaName="所有销售员" displayName="所有销售员" parentSchemaName="systemuser" parentDisplayName="User" id="{79183c45-0e58-4860-8354-bce2d7a475c9}" />
      </MissingDependency>
      <MissingDependency>
        <Required key="57" type="10" schemaName="msdyusd_configuration_users" displayName="msdyusd_configuration_users" parentSchemaName="systemuser" parentDisplayName="User" solution="DynamicsUnifiedServiceDesk (3.2.0.886)" />
        <Dependent key="57" type="10" schemaName="msdyusd_configuration_users" displayName="msdyusd_configuration_users" parentSchemaName="systemuser" parentDisplayName="User" />
      </MissingDependency>
      <MissingDependency>
        <Required key="57" type="10" schemaName="msdyusd_configuration_users" displayName="msdyusd_configuration_users" parentSchemaName="systemuser" parentDisplayName="User" solution="DynamicsUnifiedServiceDesk (3.2.0.886)" />
        <Dependent key="77" type="2" schemaName="msdyusd_usdconfigurationidname" parentSchemaName="systemuser" parentDisplayName="User" />
      </MissingDependency>
      <MissingDependency>
        <Required key="78" type="10" schemaName="msdyn_accountmanager_salesorder" displayName="msdyn_accountmanager_salesorder" parentSchemaName="salesorder" parentDisplayName="Order" solution="ProjectService (1.1.0.62)" />
        <Dependent key="74" type="60" displayName="信息" parentDisplayName="User" id="{c0d7d7dd-afd0-4675-85fe-1cc5a48be6df}" />
      </MissingDependency>
      <MissingDependency>
        <Required key="79" type="10" schemaName="msdyn_accountmanager_quote" displayName="msdyn_accountmanager_quote" parentSchemaName="quote" parentDisplayName="Quote" solution="ProjectService (1.1.0.62)" />
        <Dependent key="74" type="60" displayName="信息" parentDisplayName="User" id="{c0d7d7dd-afd0-4675-85fe-1cc5a48be6df}" />
      </MissingDependency>
      <MissingDependency>
        <Required key="80" type="10" schemaName="msdyn_systemuser_msdyn_expense_manager" displayName="msdyn_systemuser_msdyn_expense_manager" parentSchemaName="msdyn_expense" parentDisplayName="Expense" solution="ProjectService (1.1.0.62)" />
        <Dependent key="74" type="60" displayName="信息" parentDisplayName="User" id="{c0d7d7dd-afd0-4675-85fe-1cc5a48be6df}" />
      </MissingDependency>
      <MissingDependency>
        <Required key="81" type="10" schemaName="msdyn_systemuser_msdyn_project_projectmanager" displayName="msdyn_systemuser_msdyn_project_projectmanager" parentSchemaName="msdyn_project" parentDisplayName="Project" solution="ProjectService (1.1.0.62)" />
        <Dependent key="74" type="60" displayName="信息" parentDisplayName="User" id="{c0d7d7dd-afd0-4675-85fe-1cc5a48be6df}" />
      </MissingDependency>
      <MissingDependency>
        <Required key="82" type="10" schemaName="msdyusd_systemuser_msdyusd_usersettings_User" displayName="msdyusd_systemuser_msdyusd_usersettings_User" parentSchemaName="msdyusd_usersettings" parentDisplayName="User Setting" solution="DynamicsUnifiedServiceDesk (3.2.0.886)" />
        <Dependent key="74" type="60" displayName="信息" parentDisplayName="User" id="{c0d7d7dd-afd0-4675-85fe-1cc5a48be6df}" />
      </MissingDependency>
      <MissingDependency>
        <Required key="57" type="10" schemaName="msdyusd_configuration_users" displayName="msdyusd_configuration_users" parentSchemaName="systemuser" parentDisplayName="User" solution="DynamicsUnifiedServiceDesk (3.2.0.886)" />
        <Dependent key="74" type="60" displayName="信息" parentDisplayName="User" id="{c0d7d7dd-afd0-4675-85fe-1cc5a48be6df}" />
      </MissingDependency>
      <MissingDependency>
        <Required key="83" type="29" displayName="EP Project Process" solution="Active" id="{76d0a5eb-7014-4393-b5e4-fb1a2da7b3a8}" />
        <Dependent key="64" type="80" schemaName="gcr_EPProgramManagement" displayName="EP Program Management" />
      </MissingDependency>
      <MissingDependency>
        <Required key="84" type="62" schemaName="gcr_EPProgramManagement" solution="Active" />
        <Dependent key="64" type="80" schemaName="gcr_EPProgramManagement" displayName="EP Program Management" />
      </MissingDependency>
      <MissingDependency>
        <Required key="85" type="61" schemaName="msdyn_/ActivityFeeds.Form.js" displayName="msdyn_/ActivityFeeds.Form.js" solution="ActivityFeedsCore (9.0.0.0)" />
        <Dependent key="74" type="60" displayName="信息" parentDisplayName="User" id="{c0d7d7dd-afd0-4675-85fe-1cc5a48be6df}" />
      </MissingDependency>
      <MissingDependency>
        <Required key="86" type="61" schemaName="msdyn_/RecordWall.htm" displayName="msdyn_/RecordWall.htm" solution="ActivityFeedsCore (9.0.0.0)" />
        <Dependent key="74" type="60" displayName="信息" parentDisplayName="User" id="{c0d7d7dd-afd0-4675-85fe-1cc5a48be6df}" />
      </MissingDependency>
      <MissingDependency>
        <Required key="87" type="61" schemaName="msdyn_/Images/DefaultUserImage.svg" displayName="msdyn_/Images/DefaultUserImage.svg" solution="SkypeForBusiness (9.0.2.2009)" />
        <Dependent key="88" type="1" schemaName="gcr_project" displayName="EP Project" />
      </MissingDependency>
      <MissingDependency>
        <Required key="89" type="61" schemaName="msdyn_/imgs/Project_icon.png" displayName="msdyn_/imgs/Project_icon.png" solution="ProjectService (1.1.0.62)" />
        <Dependent key="88" type="1" schemaName="gcr_project" displayName="EP Project" />
      </MissingDependency>
      <MissingDependency>
        <Required key="90" type="61" schemaName="msdyn_/Images/AppModule_Default_Icon.png" displayName="msdyn_/Images/AppModule_Default_Icon.png" solution="AppModuleWebResources (2.5)" />
        <Dependent key="64" type="80" schemaName="gcr_EPProgramManagement" displayName="EP Program Management" />
      </MissingDependency>
    </MissingDependencies>
  </SolutionManifest>
</ImportExportXml>