{"name":"759c065f-4ce7-43a8-b8cd-12ff9e937ec2","id":"/providers/Microsoft.Flow/flows/759c065f-4ce7-43a8-b8cd-12ff9e937ec2","type":"Microsoft.Flow/flows","properties":{"apiId":"/providers/Microsoft.PowerApps/apis/shared_logicflows","displayName":"添加试乘试驾活动2.0","definition":{"metadata":{"creator":{"id":"22dfc764-79d5-48bb-96bf-19d31a90d2a6","type":"User","tenantId":"79c7b87e-1cf9-4611-bd19-1817cbd1a7bb"},"provisioningMethod":"FromDefinition","failureAlertSubscription":true,"clientLastModifiedTime":"2018-07-10T06:27:32.3582933Z"},"$schema":"https://schema.management.azure.com/providers/Microsoft.Logic/schemas/2016-06-01/workflowdefinition.json#","contentVersion":"1.0.0.0","parameters":{"$connections":{"defaultValue":{},"type":"Object"},"$authentication":{"defaultValue":{},"type":"SecureObject"}},"triggers":{"manual":{"type":"Request","kind":"PowerApp","inputs":{"schema":{"type":"object","required":[],"properties":{}}}}},"actions":{"列表记录":{"runAfter":{"get_targetsubmodel":["Succeeded"]},"metadata":{"flowSystemMetadata":{"swaggerOperationId":"GetItems"}},"type":"ApiConnection","inputs":{"host":{"api":{"runtimeUrl":"https://asia-001.azure-apim.net/apim/dynamicscrmonline"},"connection":{"name":"@json(decodeBase64(triggerOutputs().headers['X-MS-APIM-Tokens']))['$connections']['shared_dynamicscrmonline']['connectionId']"}},"method":"get","path":"/datasets/@{encodeURIComponent(encodeURIComponent('auto.crm5'))}/tables/@{encodeURIComponent(encodeURIComponent('contacts'))}/items","queries":{"$filter":"firstname eq '@{outputs('Firstname')}' and lastname eq '@{outputs('Lastname')}'","$top":1},"authentication":{"type":"Raw","value":"@json(decodeBase64(triggerOutputs().headers['X-MS-APIM-Tokens']))['$ConnectionKey']"}}},"是否找到满足条件的联系人？":{"actions":{"创建联系人":{"runAfter":{},"metadata":{"flowSystemMetadata":{"swaggerOperationId":"PostItem"}},"type":"ApiConnection","inputs":{"host":{"api":{"runtimeUrl":"https://asia-001.azure-apim.net/apim/dynamicscrmonline"},"connection":{"name":"@json(decodeBase64(triggerOutputs().headers['X-MS-APIM-Tokens']))['$connections']['shared_dynamicscrmonline']['connectionId']"}},"method":"post","body":{"lastname":"@{outputs('Lastname')}","emailaddress1":"@{outputs('Email')}","firstname":"@{outputs('Firstname')}","mobilephone":"@{outputs('Phone')}","merged":false,"isbackofficecustomer":false,"msdyn_gdproptout":false,"donotphone":false,"donotfax":false,"donotemail":false,"donotbulkemail":false,"donotbulkpostalmail":false,"donotpostalmail":false,"participatesinworkflow":false,"_address2_addresstypecode_label":"默认值","donotsendmm":false,"followemail":true,"_customertypecode_label":"默认值","_educationcode_label":"默认值","marketingonly":false,"_customersizecode_label":"默认值","_leadsourcecode_label":"默认值","_territorycode_label":"默认值","_preferredcontactmethodcode_label":"任何方式","_preferredappointmenttimecode_label":"上午","_shippingmethodcode_label":"默认值","creditonhold":false,"_haschildrencode_label":"默认值"},"path":"/datasets/@{encodeURIComponent(encodeURIComponent('auto.crm5'))}/tables/@{encodeURIComponent(encodeURIComponent('contacts'))}/items","authentication":{"type":"Raw","value":"@json(decodeBase64(triggerOutputs().headers['X-MS-APIM-Tokens']))['$ConnectionKey']"}}},"创建基于新创建联系人的试乘试驾活动":{"runAfter":{"创建联系人":["Succeeded"]},"metadata":{"flowSystemMetadata":{"swaggerOperationId":"PostItem"}},"type":"ApiConnection","inputs":{"host":{"api":{"runtimeUrl":"https://asia-001.azure-apim.net/apim/dynamicscrmonline"},"connection":{"name":"@json(decodeBase64(triggerOutputs().headers['X-MS-APIM-Tokens']))['$connections']['shared_dynamicscrmonline']['connectionId']"}},"method":"post","body":{"subject":"@{body('创建联系人')?['fullname']}试乘试驾@{outputs('Testdrivemodel')}","_instancetypecode_label":"不重复","isregularactivity":true,"leftvoicemail":false,"new_feedback_brake":"@outputs('Feedback_brake')","_deliveryprioritycode_label":"正常","new_feedback_power":"@outputs('Feedback_power')","_regardingobjectid_value":"@body('创建联系人')?['contactid']","_regardingobjectid_type":"contacts","new_feedback_backarea":"@outputs('Feedback_back')","new_feedback_secondarea":"@outputs('Feedback_second')","new_feedback_acceleration":"@outputs('Feedback_acceleration')","scheduledend":"@{utcNow()}","scheduledstart":"@{utcNow()}","new_feedback_interion":"@outputs('Feedback_interior')","new_feedback_frontarea":"@outputs('Feedback_front')","description":"@{outputs('Feedback_description')}","new_testmodel":"@{outputs('Testdrivemodel')}","new_feedback_comfortable":"@outputs('Feedback_comfortable')","new_feedback_exterion":"@outputs('Feedback_appearance')","isbilled":false,"new_targetmodel":"@{outputs('Targetmodel')}","ismapiprivate":false,"_prioritycode_label":"正常","isworkflowcreated":false},"path":"/datasets/@{encodeURIComponent(encodeURIComponent('auto.crm5'))}/tables/@{encodeURIComponent(encodeURIComponent('new_testdriveses'))}/items","authentication":{"type":"Raw","value":"@json(decodeBase64(triggerOutputs().headers['X-MS-APIM-Tokens']))['$ConnectionKey']"}}},"添加驾照附件":{"runAfter":{"创建基于新创建联系人的试乘试驾活动":["Succeeded"]},"metadata":{"flowSystemMetadata":{"swaggerOperationId":"PostItem"}},"type":"ApiConnection","inputs":{"host":{"api":{"runtimeUrl":"https://asia-001.azure-apim.net/apim/dynamicscrmonline"},"connection":{"name":"@json(decodeBase64(triggerOutputs().headers['X-MS-APIM-Tokens']))['$connections']['shared_dynamicscrmonline']['connectionId']"}},"method":"post","body":{"subject":"驾照","isdocument":true,"mimetype":"image/jpeg","_objectid_value":"@body('创建基于新创建联系人的试乘试驾活动')?['activityid']","_objectid_type":"new_testdriveses","documentbody":"@{base64(outputs('Convert_camera_image_to_jpg_file'))}","filename":"驾照.jpg"},"path":"/datasets/@{encodeURIComponent(encodeURIComponent('auto.crm5'))}/tables/@{encodeURIComponent(encodeURIComponent('annotations'))}/items","authentication":{"type":"Raw","value":"@json(decodeBase64(triggerOutputs().headers['X-MS-APIM-Tokens']))['$ConnectionKey']"}}},"添加签名附件":{"runAfter":{"添加驾照附件":["Succeeded"]},"metadata":{"flowSystemMetadata":{"swaggerOperationId":"PostItem"}},"type":"ApiConnection","inputs":{"host":{"api":{"runtimeUrl":"https://asia-001.azure-apim.net/apim/dynamicscrmonline"},"connection":{"name":"@json(decodeBase64(triggerOutputs().headers['X-MS-APIM-Tokens']))['$connections']['shared_dynamicscrmonline']['connectionId']"}},"method":"post","body":{"subject":"顾客签字","isdocument":true,"mimetype":"image/jpeg","_objectid_value":"@body('创建基于新创建联系人的试乘试驾活动')?['activityid']","_objectid_type":"new_testdriveses","documentbody":"@{outputs('Convert_signature_image_to_jpg_file')}","filename":"signature.jpg"},"path":"/datasets/@{encodeURIComponent(encodeURIComponent('auto.crm5'))}/tables/@{encodeURIComponent(encodeURIComponent('annotations'))}/items","authentication":{"type":"Raw","value":"@json(decodeBase64(triggerOutputs().headers['X-MS-APIM-Tokens']))['$ConnectionKey']"}}}},"runAfter":{"列表记录":["Succeeded"]},"else":{"actions":{"应用到每一个":{"foreach":"@body('列表记录')?['value']","actions":{"创建基于获取联系人的试乘试驾活动":{"runAfter":{},"metadata":{"flowSystemMetadata":{"swaggerOperationId":"PostItem"}},"type":"ApiConnection","inputs":{"host":{"api":{"runtimeUrl":"https://asia-001.azure-apim.net/apim/dynamicscrmonline"},"connection":{"name":"@json(decodeBase64(triggerOutputs().headers['X-MS-APIM-Tokens']))['$connections']['shared_dynamicscrmonline']['connectionId']"}},"method":"post","body":{"subject":"@{items('应用到每一个')?['fullname']}试乘试驾@{outputs('Testdrivemodel')}","_instancetypecode_label":"不重复","isregularactivity":true,"leftvoicemail":false,"new_feedback_brake":"@outputs('Feedback_brake')","_deliveryprioritycode_label":"正常","new_feedback_power":"@outputs('Feedback_power')","_regardingobjectid_value":"@items('应用到每一个')?['contactid']","_regardingobjectid_type":"contacts","new_feedback_backarea":"@outputs('Feedback_back')","new_feedback_secondarea":"@outputs('Feedback_second')","new_feedback_acceleration":"@outputs('Feedback_acceleration')","scheduledend":"@{utcNow()}","scheduledstart":"@{utcNow()}","new_feedback_interion":"@outputs('Feedback_interior')","new_feedback_frontarea":"@outputs('Feedback_front')","description":"@{outputs('Feedback_description')}","new_testmodel":"@{outputs('Testdrivemodel')}","new_feedback_comfortable":"@outputs('Feedback_comfortable')","new_feedback_exterion":"@outputs('Feedback_appearance')","isbilled":false,"new_targetmodel":"@{outputs('Targetmodel')}","ismapiprivate":false,"_prioritycode_label":"正常","isworkflowcreated":false},"path":"/datasets/@{encodeURIComponent(encodeURIComponent('auto.crm5'))}/tables/@{encodeURIComponent(encodeURIComponent('new_testdriveses'))}/items","authentication":{"type":"Raw","value":"@json(decodeBase64(triggerOutputs().headers['X-MS-APIM-Tokens']))['$ConnectionKey']"}}},"添加驾照附件_1":{"runAfter":{"创建基于获取联系人的试乘试驾活动":["Succeeded"]},"metadata":{"flowSystemMetadata":{"swaggerOperationId":"PostItem"}},"type":"ApiConnection","inputs":{"host":{"api":{"runtimeUrl":"https://asia-001.azure-apim.net/apim/dynamicscrmonline"},"connection":{"name":"@json(decodeBase64(triggerOutputs().headers['X-MS-APIM-Tokens']))['$connections']['shared_dynamicscrmonline']['connectionId']"}},"method":"post","body":{"subject":"驾照","isdocument":true,"mimetype":"image/jpeg","_objectid_value":"@body('创建基于获取联系人的试乘试驾活动')?['activityid']","_objectid_type":"new_testdriveses","documentbody":"@{base64(outputs('Convert_camera_image_to_jpg_file'))}","filename":"驾照.jpg"},"path":"/datasets/@{encodeURIComponent(encodeURIComponent('auto.crm5'))}/tables/@{encodeURIComponent(encodeURIComponent('annotations'))}/items","authentication":{"type":"Raw","value":"@json(decodeBase64(triggerOutputs().headers['X-MS-APIM-Tokens']))['$ConnectionKey']"}}},"添加签名附件_1":{"runAfter":{"添加驾照附件_1":["Succeeded"]},"metadata":{"flowSystemMetadata":{"swaggerOperationId":"PostItem"}},"type":"ApiConnection","inputs":{"host":{"api":{"runtimeUrl":"https://asia-001.azure-apim.net/apim/dynamicscrmonline"},"connection":{"name":"@json(decodeBase64(triggerOutputs().headers['X-MS-APIM-Tokens']))['$connections']['shared_dynamicscrmonline']['connectionId']"}},"method":"post","body":{"subject":"顾客签字","isdocument":true,"mimetype":"image/jpeg","_objectid_value":"@body('创建基于获取联系人的试乘试驾活动')?['activityid']","_objectid_type":"new_testdriveses","documentbody":"@{outputs('Convert_signature_image_to_jpg_file')}","filename":"signature.jpg"},"path":"/datasets/@{encodeURIComponent(encodeURIComponent('auto.crm5'))}/tables/@{encodeURIComponent(encodeURIComponent('annotations'))}/items","authentication":{"type":"Raw","value":"@json(decodeBase64(triggerOutputs().headers['X-MS-APIM-Tokens']))['$ConnectionKey']"}}}},"runAfter":{},"type":"Foreach"}}},"expression":"@equals(length(body('列表记录')?['value']), 0)","type":"If"},"Lastname":{"runAfter":{},"type":"Compose","inputs":"@triggerBody()['Lastname_Inputs']"},"Firstname":{"runAfter":{"Lastname":["Succeeded"]},"type":"Compose","inputs":"@triggerBody()['Firstname_Inputs']"},"Phone":{"runAfter":{"Firstname":["Succeeded"]},"type":"Compose","inputs":"@triggerBody()['Phone_Inputs']"},"Targetmodel":{"runAfter":{"Email":["Succeeded"]},"type":"Compose","inputs":"@triggerBody()['Targetmodel_Inputs']"},"Testdrivemodel":{"runAfter":{"Targetmodel":["Succeeded"]},"type":"Compose","inputs":"@triggerBody()['Testdrivemodel_Inputs']"},"Driverlicenseimage":{"runAfter":{"Testdrivemodel":["Succeeded"]},"type":"Compose","inputs":"@triggerBody()['Driverlicenseimage_Inputs']"},"Signature":{"runAfter":{"Driverlicenseimage":["Succeeded"]},"type":"Compose","inputs":"@triggerBody()['Signature_Inputs']"},"Voicememo":{"runAfter":{"Signature":["Succeeded"]},"type":"Compose","inputs":"@triggerBody()['Voicememo_Inputs']"},"Email":{"runAfter":{"Phone":["Succeeded"]},"type":"Compose","inputs":"@triggerBody()['Email_Inputs']"},"Feedback_power":{"runAfter":{"Voicememo":["Succeeded"]},"type":"Compose","inputs":"@triggerBody()['Feedbackpower_Inputs']"},"Feedback_front":{"runAfter":{"Feedback_power":["Succeeded"]},"type":"Compose","inputs":"@triggerBody()['Feedbackfront_Inputs']"},"Feedback_second":{"runAfter":{"Feedback_front":["Succeeded"]},"type":"Compose","inputs":"@triggerBody()['Feedbacksecond_Inputs']"},"Feedback_back":{"runAfter":{"Feedback_second":["Succeeded"]},"type":"Compose","inputs":"@triggerBody()['Feedbackback_Inputs']"},"Feedback_acceleration":{"runAfter":{"Feedback_back":["Succeeded"]},"type":"Compose","inputs":"@triggerBody()['Feedbackacceleration_Inputs']"},"Feedback_brake":{"runAfter":{"Feedback_acceleration":["Succeeded"]},"type":"Compose","inputs":"@triggerBody()['Feedbackbrake_Inputs']"},"Feedback_comfortable":{"runAfter":{"Feedback_brake":["Succeeded"]},"type":"Compose","inputs":"@triggerBody()['Feedbackcomfortable_Inputs']"},"Feedback_appearance":{"runAfter":{"Feedback_comfortable":["Succeeded"]},"type":"Compose","inputs":"@triggerBody()['Feedbackappearance_Inputs']"},"Feedback_interior":{"runAfter":{"Feedback_appearance":["Succeeded"]},"type":"Compose","inputs":"@triggerBody()['Feedbackinterior_Inputs']"},"Feedback_description":{"runAfter":{"Feedback_interior":["Succeeded"]},"type":"Compose","inputs":"@triggerBody()['Feedbackdescription_Inputs']"},"Convert_camera_image_to_jpg_file":{"runAfter":{"Feedback_description":["Succeeded"]},"type":"Compose","inputs":"@dataUriToBinary(outputs('Driverlicenseimage'))"},"Convert_signature_image_to_jpg_file":{"runAfter":{"Convert_camera_image_to_jpg_file":["Succeeded"]},"type":"Compose","inputs":"@base64(outputs('Signature'))"},"get_targetmodel":{"runAfter":{"Convert_signature_image_to_jpg_file":["Succeeded"]},"type":"Compose","inputs":"@substring(outputs('Targetmodel'),0,7)"},"get_targetsubmodel":{"runAfter":{"get_targetmodel":["Succeeded"]},"type":"Compose","inputs":"@trim(replace(outputs('Targetmodel'),outputs('get_targetmodel'),''))"}},"outputs":{},"description":"在PowerApps中触发并在Dynamics 365中添加试乘试驾记录。\n逻辑：\n1. 判断该联系人是否存在（姓+名+电话号码）\n2. 如果存在，增加与之相关的试乘试驾活动实体记录\n3. 如果不存在，新增联系人并增加与之相关的活动实体记录\n4. 增加图片附件（包括驾照、签名与试乘试驾反馈语言）\n改进：\n将传入参数单独使用Compose方法以避免后续业务流程变更对外部接口的影响。"},"connectionReferences":{"shared_dynamicscrmonline":{"connectionName":"a9c6e2404a8442dcbf09c73a76c28fb7","source":"Invoker","id":"/providers/Microsoft.PowerApps/apis/shared_dynamicscrmonline","tier":"NotSpecified"}},"flowFailureAlertSubscribed":false}}