{"name":"12baf801-c65c-4350-8a26-4fca0fbf602d","id":"/providers/Microsoft.Flow/flows/12baf801-c65c-4350-8a26-4fca0fbf602d","type":"Microsoft.Flow/flows","properties":{"apiId":"/providers/Microsoft.PowerApps/apis/shared_logicflows","displayName":"添加潜在顾客记录1.1","definition":{"metadata":{"creator":{"id":"22dfc764-79d5-48bb-96bf-19d31a90d2a6","type":"User","tenantId":"79c7b87e-1cf9-4611-bd19-1817cbd1a7bb"},"provisioningMethod":"FromDefinition","failureAlertSubscription":true,"clientLastModifiedTime":"2018-07-09T08:16:24.958179Z"},"$schema":"https://schema.management.azure.com/providers/Microsoft.Logic/schemas/2016-06-01/workflowdefinition.json#","contentVersion":"1.0.0.0","parameters":{"$connections":{"defaultValue":{},"type":"Object"},"$authentication":{"defaultValue":{},"type":"SecureObject"}},"triggers":{"manual":{"type":"Request","kind":"PowerApp","inputs":{"schema":{"type":"object","required":[],"properties":{}}}}},"actions":{"列表记录":{"runAfter":{"Savingcost":["Succeeded"]},"metadata":{"flowSystemMetadata":{"swaggerOperationId":"GetItems"}},"type":"ApiConnection","inputs":{"host":{"api":{"runtimeUrl":"https://asia-001.azure-apim.net/apim/dynamicscrmonline"},"connection":{"name":"@json(decodeBase64(triggerOutputs().headers['X-MS-APIM-Tokens']))['$connections']['shared_dynamicscrmonline']['connectionId']"}},"method":"get","path":"/datasets/@{encodeURIComponent(encodeURIComponent('auto.crm5'))}/tables/@{encodeURIComponent(encodeURIComponent('contacts'))}/items","queries":{"$filter":"firstname eq '@{outputs('Firstname')}' and lastname eq '@{outputs('Lastname')}'","$top":1},"authentication":{"type":"Raw","value":"@json(decodeBase64(triggerOutputs().headers['X-MS-APIM-Tokens']))['$ConnectionKey']"}}},"条件":{"actions":{"创建联系人":{"runAfter":{},"metadata":{"flowSystemMetadata":{"swaggerOperationId":"PostItem"}},"type":"ApiConnection","inputs":{"host":{"api":{"runtimeUrl":"https://asia-001.azure-apim.net/apim/dynamicscrmonline"},"connection":{"name":"@json(decodeBase64(triggerOutputs().headers['X-MS-APIM-Tokens']))['$connections']['shared_dynamicscrmonline']['connectionId']"}},"method":"post","body":{"lastname":"@{outputs('Lastname')}","emailaddress1":"@{outputs('Email')}","firstname":"@{outputs('Firstname')}","mobilephone":"@{outputs('Phone')}","merged":false,"isbackofficecustomer":false,"msdyn_gdproptout":false,"donotphone":false,"donotfax":false,"donotemail":false,"donotbulkemail":false,"donotbulkpostalmail":false,"donotpostalmail":false,"participatesinworkflow":false,"_address2_addresstypecode_label":"默认值","donotsendmm":false,"followemail":true,"_customertypecode_label":"默认值","_educationcode_label":"默认值","marketingonly":false,"_customersizecode_label":"默认值","_leadsourcecode_label":"默认值","_territorycode_label":"默认值","_preferredcontactmethodcode_label":"任何方式","_preferredappointmenttimecode_label":"上午","_shippingmethodcode_label":"默认值","creditonhold":false,"_haschildrencode_label":"默认值"},"path":"/datasets/@{encodeURIComponent(encodeURIComponent('auto.crm5'))}/tables/@{encodeURIComponent(encodeURIComponent('contacts'))}/items","authentication":{"type":"Raw","value":"@json(decodeBase64(triggerOutputs().headers['X-MS-APIM-Tokens']))['$ConnectionKey']"}}},"创建潜在客户":{"runAfter":{"创建联系人":["Succeeded"]},"metadata":{"flowSystemMetadata":{"swaggerOperationId":"PostItem"}},"type":"ApiConnection","inputs":{"host":{"api":{"runtimeUrl":"https://asia-001.azure-apim.net/apim/dynamicscrmonline"},"connection":{"name":"@json(decodeBase64(triggerOutputs().headers['X-MS-APIM-Tokens']))['$connections']['shared_dynamicscrmonline']['connectionId']"}},"method":"post","body":{"lastname":"@{outputs('Lastname')}","subject":"@{body('创建联系人')?['fullname']}有意@{outputs('Targetmodel')}","emailaddress1":"@{outputs('Email')}","firstname":"@{outputs('Firstname')}","_leadsourcecode_label":"PowerApps","mobilephone":"@{outputs('Phone')}","merged":false,"msdyn_gdproptout":false,"donotphone":false,"donotfax":false,"donotemail":false,"donotbulkemail":false,"donotpostalmail":false,"participatesinworkflow":false,"new_loanperiod":"@outputs('Loanperiod')","new_loanfirstpay":"@outputs('Loanfirstpay')","_leadqualitycode_label":"感兴趣","_address1_addresstypecode_label":"默认值","_address2_addresstypecode_label":"默认值","followemail":true,"decisionmaker":false,"_customerid_value":"@body('创建联系人')?['contactid']","_customerid_type":"contacts","_msdyn_ordertype_label":"基于项目","evaluatefit":false,"confirminterest":false,"donotsendmm":false,"_preferredcontactmethodcode_label":"任何方式","_salesstagecode_label":"默认值","new_targetmodel":"@{outputs('Targetmodel')}","new_targetcolor":"@{outputs('Favoratecolor')}","_prioritycode_label":"默认值"},"path":"/datasets/@{encodeURIComponent(encodeURIComponent('auto.crm5'))}/tables/@{encodeURIComponent(encodeURIComponent('leads'))}/items","authentication":{"type":"Raw","value":"@json(decodeBase64(triggerOutputs().headers['X-MS-APIM-Tokens']))['$ConnectionKey']"}}}},"runAfter":{"列表记录":["Succeeded"]},"else":{"actions":{"应用到每一个":{"foreach":"@body('列表记录')?['value']","actions":{"创建新记录_2":{"runAfter":{},"metadata":{"flowSystemMetadata":{"swaggerOperationId":"PostItem"}},"type":"ApiConnection","inputs":{"host":{"api":{"runtimeUrl":"https://asia-001.azure-apim.net/apim/dynamicscrmonline"},"connection":{"name":"@json(decodeBase64(triggerOutputs().headers['X-MS-APIM-Tokens']))['$connections']['shared_dynamicscrmonline']['connectionId']"}},"method":"post","body":{"lastname":"@{outputs('Lastname')}","subject":"@{items('应用到每一个')?['fullname']}有意@{outputs('Targetmodel')}","emailaddress1":"@{outputs('Email')}","firstname":"@{outputs('Firstname')}","_leadsourcecode_label":"PowerApps","mobilephone":"@{outputs('Phone')}","merged":false,"msdyn_gdproptout":false,"donotphone":false,"donotfax":false,"donotemail":false,"donotbulkemail":false,"donotpostalmail":false,"participatesinworkflow":false,"new_loanperiod":"@outputs('Loanperiod')","new_loanfirstpay":"@outputs('Loanfirstpay')","_leadqualitycode_label":"感兴趣","_address1_addresstypecode_label":"默认值","_address2_addresstypecode_label":"默认值","followemail":true,"decisionmaker":false,"_customerid_value":"@items('应用到每一个')?['contactid']","_customerid_type":"contacts","_msdyn_ordertype_label":"基于项目","evaluatefit":false,"confirminterest":false,"donotsendmm":false,"_preferredcontactmethodcode_label":"任何方式","_salesstagecode_label":"默认值","new_targetmodel":"@{outputs('Targetmodel')}","new_targetcolor":"@{outputs('Favoratecolor')}","_prioritycode_label":"默认值"},"path":"/datasets/@{encodeURIComponent(encodeURIComponent('auto.crm5'))}/tables/@{encodeURIComponent(encodeURIComponent('leads'))}/items","authentication":{"type":"Raw","value":"@json(decodeBase64(triggerOutputs().headers['X-MS-APIM-Tokens']))['$ConnectionKey']"}}}},"runAfter":{},"type":"Foreach"}}},"expression":"@equals(length(body('列表记录')?['value']), 0)","type":"If"},"Lastname":{"runAfter":{},"type":"Compose","inputs":"@triggerBody()['Lastname_Inputs']"},"Firstname":{"runAfter":{"Lastname":["Succeeded"]},"type":"Compose","inputs":"@triggerBody()['Firstname_Inputs']"},"Phone":{"runAfter":{"Firstname":["Succeeded"]},"type":"Compose","inputs":"@triggerBody()['Phone_Inputs']"},"Email":{"runAfter":{"Phone":["Succeeded"]},"type":"Compose","inputs":"@triggerBody()['Email_Inputs']"},"Targetmodel":{"runAfter":{"Email":["Succeeded"]},"type":"Compose","inputs":"@triggerBody()['Targetmodel_Inputs']"},"Favoratecolor":{"runAfter":{"Targetmodel":["Succeeded"]},"type":"Compose","inputs":"@triggerBody()['Favoratecolor_Inputs']"},"Loanperiod":{"runAfter":{"Favoratecolor":["Succeeded"]},"type":"Compose","inputs":"@triggerBody()['Loanperiod_Inputs']"},"Loanfirstpay":{"runAfter":{"Loanperiod":["Succeeded"]},"type":"Compose","inputs":"@triggerBody()['Loanfirstpay_Inputs']"},"Send_an_email":{"runAfter":{"条件":["Succeeded"]},"metadata":{"flowSystemMetadata":{"swaggerOperationId":"SendEmail"}},"type":"ApiConnection","inputs":{"host":{"api":{"runtimeUrl":"https://asia-001.azure-apim.net/apim/office365"},"connection":{"name":"@json(decodeBase64(triggerOutputs().headers['X-MS-APIM-Tokens']))['$connections']['shared_office365']['connectionId']"}},"method":"post","body":{"To":"@{outputs('Email')};","Subject":"感谢您对我们的产品感兴趣","Body":"亲爱的@{outputs('Lastname')}@{outputs('Firstname')}，<p>\n\n非常高兴您对我们的@{outputs('Targetmodel')}（@{outputs('Favoratecolor')}）感兴趣。在这里我们给出您在门店所看到该车型的相关产品资料供您参考，并期望在不久的将来能与您再次相见。<p>\n\n车型：@{outputs('Targetmodel')}<br>\n车价：￥@{outputs('Price')}<br>\n产品规格：@{outputs('Specification')}\n您所选择的金融计划<br>\n首付：@{outputs('Loanfirstpay')}%<br>\n贷款期数：@{outputs('Loanperiod')}<br>\n月供：@{outputs('Monthlypayment')}<br>\n所节省的燃油费用：￥@{outputs('Savingcost')}<br>\n<p>\n如有问题请随时与我们联系。<p>\nContoso Auto\n","IsHtml":true},"path":"/Mail","authentication":{"type":"Raw","value":"@json(decodeBase64(triggerOutputs().headers['X-MS-APIM-Tokens']))['$ConnectionKey']"}}},"Specification":{"runAfter":{"Loanfirstpay":["Succeeded"]},"type":"Compose","inputs":"@triggerBody()['Specification_Inputs']"},"Price":{"runAfter":{"Specification":["Succeeded"]},"type":"Compose","inputs":"@triggerBody()['Price_Inputs']"},"Monthlypayment":{"runAfter":{"Price":["Succeeded"]},"type":"Compose","inputs":"@triggerBody()['Monthlypayment_Inputs']"},"Savingcost":{"runAfter":{"Monthlypayment":["Succeeded"]},"type":"Compose","inputs":"@triggerBody()['Savingcost_Inputs']"}},"outputs":{}},"connectionReferences":{"shared_dynamicscrmonline":{"connectionName":"a9c6e2404a8442dcbf09c73a76c28fb7","source":"Invoker","id":"/providers/Microsoft.PowerApps/apis/shared_dynamicscrmonline","tier":"NotSpecified"},"shared_office365":{"connectionName":"shared-office365-b004d4ee-6349-4217-bcf0-8ab862d2304c","source":"Invoker","id":"/providers/Microsoft.PowerApps/apis/shared_office365","tier":"NotSpecified"}},"flowFailureAlertSubscribed":false}}