{"schemaVersion":"1.0","appDefinitionTemplate":{"id":"/providers/Microsoft.PowerApps/apps/","type":"Microsoft.PowerApps/apps","tags":{"minimumRequiredApiVersion":"2.2.0"},"properties":{"appVersion":"2018-09-10T16:33:51Z","lifeCycleId":"Published","createdByClientVersion":{"major":3,"minor":18084,"build":12,"revision":0,"majorRevision":0,"minorRevision":0},"minClientVersion":{"major":3,"minor":18084,"build":12,"revision":0,"majorRevision":0,"minorRevision":0},"backgroundColor":"rgba(165, 34, 55, 1)","backgroundImageUri":"/10521395931242627718/Nc550982e-47c3-48bb-b726-69b35fde68c3-logoSmallFile","displayName":"CONTOSO STORE","description":"","appUris":{"documentUri":{"value":"/10521395931242627718/N89b10cfc-335d-450d-a451-96875664498a-document.msapp","readonlyValue":"/10521395931242627718/N89b10cfc-335d-450d-a451-96875664498a-document.msapp"},"imageUris":[]},"createdTime":"0001-01-01T00:00:00Z","lastModifiedTime":"0001-01-01T00:00:00Z","sharedGroupsCount":0,"sharedUsersCount":0,"icons":{"smallIconUri":"/10521395931242627718/N14d62c0e-986c-4cde-8dae-d373a780be0e-small.png","mediumIconUri":"/10521395931242627718/Ne5203555-aa8b-41ae-8999-bcdbadda0153-medium.png","largeIconUri":"/10521395931242627718/Naf51d12f-56e8-4554-b078-d3dbba2c1ef3-large.png","wideIconUri":"/10521395931242627718/N6876ef1d-b4ef-489a-9729-31eb9bf81e19-wide.png"},"connectionReferences":{"7d5a42b0-e27a-4dfa-a1d9-a5e2485208c6":{"id":"b8ca57de-518d-46b8-a468-15cfe79b84b5","displayName":"Bing Maps","iconUri":"https://az818438.vo.msecnd.net/officialicons/bingmaps/icon_1.0.970.1155_0cadac8b-d89a-44b6-8ffa-0ba69a09ed37.png","dataSources":["BingMaps"],"dependencies":[],"dependents":[],"parameterHints":{},"isOnPremiseConnection":false,"sharedConnectionId":"12a5bf5f-1d06-4457-af6b-80ec01192928","bypassConsent":false,"dataSets":{},"apiTier":"Standard"},"f7739463-14cb-406f-89b1-5ad6dd6ef645":{"id":"22992567-b956-49ff-9498-f494ab20786c","displayName":"SharePoint","iconUri":"https://connectoricons-prod.azureedge.net/sharepointonline/icon_1.0.1019.1195.png","dataSources":["Stores","Store Sales","Store Repository"],"dependencies":[],"dependents":[],"parameterHints":{},"isOnPremiseConnection":false,"bypassConsent":false,"dataSets":{"https://wellszhademo01.sharepoint.com/sites/Retail":{"dataSources":{"Stores":{"tableName":"b1d17e72-5147-409e-bf88-57de6281cd8f"},"Store Sales":{"tableName":"49d472cf-7113-45b7-b95c-125cb3543c09"},"Store Repository":{"tableName":"65166db7-1e02-4fe1-8436-277acf70fa69"}}}},"apiTier":"Standard"}}}}}