{"name":"ff7d2133-da9e-4812-9b28-be9b6789cf98","id":"/providers/Microsoft.Flow/flows/ff7d2133-da9e-4812-9b28-be9b6789cf98","type":"Microsoft.Flow/flows","properties":{"apiId":"/providers/Microsoft.PowerApps/apis/shared_logicflows","displayName":"OCR_From_PowerApps 2.0","definition":{"metadata":{"creator":{"id":"22dfc764-79d5-48bb-96bf-19d31a90d2a6","type":"User","tenantId":"79c7b87e-1cf9-4611-bd19-1817cbd1a7bb"},"provisioningMethod":"FromDefinition","failureAlertSubscription":true,"clientLastModifiedTime":"2018-08-20T03:13:09.291126Z"},"$schema":"https://schema.management.azure.com/providers/Microsoft.Logic/schemas/2016-06-01/workflowdefinition.json#","contentVersion":"1.0.0.0","parameters":{"$connections":{"defaultValue":{},"type":"Object"},"$authentication":{"defaultValue":{},"type":"SecureObject"}},"triggers":{"manual":{"type":"Request","kind":"PowerApp","inputs":{"schema":{"type":"object","required":["Image_Inputs"],"properties":{"Image_Inputs":{"type":"any","description":"Inputs","x-ms-powerflows-param-ispartial":false}}}}}},"actions":{"Optical_Character_Recognition_(OCR)_to_JSON":{"runAfter":{"Optical_Character_Recognition_(OCR)_to_Text":["Succeeded"]},"metadata":{"flowSystemMetadata":{"swaggerOperationId":"OCR"}},"type":"ApiConnection","inputs":{"host":{"api":{"runtimeUrl":"https://asia-001.azure-apim.net/apim/cognitiveservicescomputervision"},"connection":{"name":"@json(decodeBase64(triggerOutputs().headers['X-MS-APIM-Tokens']))['$connections']['shared_cognitiveservicescomputervision']['connectionId']"}},"method":"post","body":"@dataUriToBinary(outputs('Image'))","path":"/vision/v1.0/ocr","queries":{"format":"Image Content","language":"unk","detectOrientation":true},"authentication":{"type":"Raw","value":"@json(decodeBase64(triggerOutputs().headers['X-MS-APIM-Tokens']))['$ConnectionKey']"}}},"Image":{"runAfter":{},"type":"Compose","inputs":"@triggerBody()['Image_Inputs']"},"Optical_Character_Recognition_(OCR)_to_Text":{"runAfter":{"Image":["Succeeded"]},"metadata":{"flowSystemMetadata":{"swaggerOperationId":"OCRText"}},"type":"ApiConnection","inputs":{"host":{"api":{"runtimeUrl":"https://asia-001.azure-apim.net/apim/cognitiveservicescomputervision"},"connection":{"name":"@json(decodeBase64(triggerOutputs().headers['X-MS-APIM-Tokens']))['$connections']['shared_cognitiveservicescomputervision']['connectionId']"}},"method":"post","body":"@dataUriToBinary(outputs('Image'))","path":"/vision/v1.0/ocrtext","queries":{"format":"Image Content","language":"unk","detectOrientation":true},"authentication":{"type":"Raw","value":"@json(decodeBase64(triggerOutputs().headers['X-MS-APIM-Tokens']))['$ConnectionKey']"}}},"Respond_to_PowerApps":{"runAfter":{"Optical_Character_Recognition_(OCR)_to_JSON":["Succeeded"]},"type":"Response","kind":"PowerApp","inputs":{"statusCode":200,"body":{"firstname":"@body('Optical_Character_Recognition_(OCR)_to_Text')?['text']","lastname":"@body('Optical_Character_Recognition_(OCR)_to_Text')?['text']","phone":"@body('Optical_Character_Recognition_(OCR)_to_Text')?['text']","email":"@body('Optical_Character_Recognition_(OCR)_to_Text')?['text']"},"schema":{"type":"object","properties":{"firstname":{"title":"Firstname","type":"string","x-ms-dynamically-added":true},"lastname":{"title":"Lastname","type":"string","x-ms-dynamically-added":true},"phone":{"title":"Phone","type":"string","x-ms-dynamically-added":true},"email":{"title":"Email","type":"string","x-ms-dynamically-added":true}}}}}},"outputs":{}},"connectionReferences":{"shared_cognitiveservicescomputervision":{"connectionName":"shared-cognitiveserv-86dc3332-d6a0-49ad-bcac-c4df8ca38eeb","source":"Invoker","id":"/providers/Microsoft.PowerApps/apis/shared_cognitiveservicescomputervision","tier":"NotSpecified"}},"flowFailureAlertSubscribed":false}}