{"schemaVersion":"1.0","appDefinitionTemplate":{"id":"/providers/Microsoft.PowerApps/apps/","type":"Microsoft.PowerApps/apps","tags":{"minimumRequiredApiVersion":"2.2.0"},"properties":{"appVersion":"2018-09-17T04:03:11Z","lifeCycleId":"Published","createdByClientVersion":{"major":3,"minor":18091,"build":15,"revision":0,"majorRevision":0,"minorRevision":0},"minClientVersion":{"major":3,"minor":18091,"build":15,"revision":0,"majorRevision":0,"minorRevision":0},"backgroundColor":"rgba(165, 34, 55, 1)","backgroundImageUri":"/4992834176980107326/N7ce90bad-83c6-4219-a2fb-b7ef863d4a0b-logoSmallFile","displayName":"Site Investigation Tool","description":"This site investigation tools is a demo designed to show how PowerApps could help site staff to collect site incident data quickly.","appUris":{"documentUri":{"value":"/4992834176980107326/N49ad9775-7895-4201-a2b9-fde2e659488f-document.msapp","readonlyValue":"/4992834176980107326/N49ad9775-7895-4201-a2b9-fde2e659488f-document.msapp"},"imageUris":[]},"createdTime":"0001-01-01T00:00:00Z","lastModifiedTime":"0001-01-01T00:00:00Z","sharedGroupsCount":0,"sharedUsersCount":0,"icons":{"smallIconUri":"/4992834176980107326/N8ff69083-f7a2-401b-9ba9-42b84424a00b-small.png","mediumIconUri":"/4992834176980107326/N4e71cd15-c0a8-4bd9-9e5e-a9e09dddd62f-medium.png","largeIconUri":"/4992834176980107326/N5f60c967-4cad-461c-bb2a-81ddee406f14-large.png","wideIconUri":"/4992834176980107326/Nf841014f-04af-4be2-ab01-dfd8dc98164b-wide.png"},"connectionReferences":{"eddcc9cf-a0c8-4192-88a3-95fa88cfe76a":{"id":"b8ca57de-518d-46b8-a468-15cfe79b84b5","displayName":"Bing Maps","iconUri":"https://az818438.vo.msecnd.net/officialicons/bingmaps/icon_1.0.970.1155_0cadac8b-d89a-44b6-8ffa-0ba69a09ed37.png","dataSources":["BingMaps"],"dependencies":[],"dependents":[],"parameterHints":{},"isOnPremiseConnection":false,"sharedConnectionId":"12a5bf5f-1d06-4457-af6b-80ec01192928","bypassConsent":false,"dataSets":{},"apiTier":"Standard"},"47bbc02e-fd4e-46be-afe8-9ffc731962c6":{"id":"1e58b069-d51b-4f2f-bd08-a7c615f9f943","displayName":"Common Data Service","iconUri":"https://az818438.vo.msecnd.net/icons/CommonDataModel.png","dataSources":["帐户","商情标签","商情","任务","应用程序用户"],"dependencies":[],"dependents":[],"parameterHints":{},"isOnPremiseConnection":false,"bypassConsent":false,"dataSets":{"3abd367d-6389-4f15-8194-0331a9768469":{"datasetOverride":{"name":"89a65b8c-fdd1-4e33-aaf0-307976b99eb4"},"dataSources":{"帐户":{"tableName":"Account","tableNameOverride":{"name":"89a65b8c-fdd1-4e33-aaf0-307976b99eb4"}},"商情标签":{"tableName":"IntelligenceTag_","tableNameOverride":{"name":"a31c5940-ca3f-4bfe-b54d-5401ecc2f3c6"}},"商情":{"tableName":"BusinessIntelligences_","tableNameOverride":{"name":"6d221c75-39cc-4803-a28b-c419df790a22"}},"任务":{"tableName":"Tasks_","tableNameOverride":{"name":"1895f542-d2b2-4066-994c-8bdb24ec6403"}},"应用程序用户":{"tableName":"ApplicationUser","tableNameOverride":{"name":"aa6843fa-5076-4aed-a2fd-4186ef8c38d1"}}}}},"apiTier":"Premium"}}}}}