{"name":"b8ecd3d4-acf4-4ba2-9ab7-58400de784e3","id":"/providers/Microsoft.Flow/flows/b8ecd3d4-acf4-4ba2-9ab7-58400de784e3","type":"Microsoft.Flow/flows","properties":{"apiId":"/providers/Microsoft.PowerApps/apis/shared_logicflows","displayName":"OCR_From_PowerApps 3.0","definition":{"metadata":{"creator":{"id":"22dfc764-79d5-48bb-96bf-19d31a90d2a6","type":"User","tenantId":"79c7b87e-1cf9-4611-bd19-1817cbd1a7bb"},"provisioningMethod":"FromDefinition","failureAlertSubscription":true,"clientLastModifiedTime":"2018-08-20T09:07:49.824446Z"},"$schema":"https://schema.management.azure.com/providers/Microsoft.Logic/schemas/2016-06-01/workflowdefinition.json#","contentVersion":"1.0.0.0","parameters":{"$connections":{"defaultValue":{},"type":"Object"},"$authentication":{"defaultValue":{},"type":"SecureObject"}},"triggers":{"manual":{"type":"Request","kind":"PowerApp","inputs":{"schema":{"type":"object","required":["Image_Inputs"],"properties":{"Image_Inputs":{"type":"any","description":"Inputs","x-ms-powerflows-param-ispartial":false}}}}}},"actions":{"Optical_Character_Recognition_(OCR)_to_JSON":{"runAfter":{"Optical_Character_Recognition_(OCR)_to_Text":["Succeeded"]},"metadata":{"flowSystemMetadata":{"swaggerOperationId":"OCR"}},"type":"ApiConnection","inputs":{"host":{"api":{"runtimeUrl":"https://asia-001.azure-apim.net/apim/cognitiveservicescomputervision"},"connection":{"name":"@json(decodeBase64(triggerOutputs().headers['X-MS-APIM-Tokens']))['$connections']['shared_cognitiveservicescomputervision']['connectionId']"}},"method":"post","body":"@dataUriToBinary(outputs('Image'))","path":"/vision/v1.0/ocr","queries":{"format":"Image Content","language":"unk","detectOrientation":true},"authentication":{"type":"Raw","value":"@json(decodeBase64(triggerOutputs().headers['X-MS-APIM-Tokens']))['$ConnectionKey']"}}},"Image":{"runAfter":{},"type":"Compose","inputs":"@triggerBody()['Image_Inputs']"},"Optical_Character_Recognition_(OCR)_to_Text":{"runAfter":{"Image":["Succeeded"]},"metadata":{"flowSystemMetadata":{"swaggerOperationId":"OCRText"}},"type":"ApiConnection","inputs":{"host":{"api":{"runtimeUrl":"https://asia-001.azure-apim.net/apim/cognitiveservicescomputervision"},"connection":{"name":"@json(decodeBase64(triggerOutputs().headers['X-MS-APIM-Tokens']))['$connections']['shared_cognitiveservicescomputervision']['connectionId']"}},"method":"post","body":"@dataUriToBinary(outputs('Image'))","path":"/vision/v1.0/ocrtext","queries":{"format":"Image Content","language":"unk","detectOrientation":true},"authentication":{"type":"Raw","value":"@json(decodeBase64(triggerOutputs().headers['X-MS-APIM-Tokens']))['$ConnectionKey']"}}},"Respond_to_PowerApps":{"runAfter":{"Phone":["Succeeded"]},"type":"Response","kind":"PowerApp","inputs":{"statusCode":200,"body":{"firstname":"@{substring(body('Optical_Character_Recognition_(OCR)_to_Text')?['text'],1,1)}","lastname":"@{substring(body('Optical_Character_Recognition_(OCR)_to_Text')?['text'],2,2)}","phone":"@{outputs('Phone')}","email":"@{outputs('Email')}"},"schema":{"type":"object","properties":{"firstname":{"title":"Firstname","type":"string","x-ms-dynamically-added":true},"lastname":{"title":"Lastname","type":"string","x-ms-dynamically-added":true},"phone":{"title":"Phone","type":"string","x-ms-dynamically-added":true},"email":{"title":"Email","type":"string","x-ms-dynamically-added":true}}}}},"Email":{"runAfter":{"Apply_to_each":["Succeeded"]},"type":"Compose","inputs":"@body('find_email')"},"Find_phone":{"runAfter":{"Email":["Succeeded"]},"type":"Query","inputs":{"from":"@body('Optical_Character_Recognition_(OCR)_to_JSON')?['regions']","where":"@contains(item(), '''+86''')"}},"Phone":{"runAfter":{"Find_phone":["Succeeded"]},"type":"Compose","inputs":"@body('Find_phone')"},"Parse_JSON":{"runAfter":{"Optical_Character_Recognition_(OCR)_to_JSON":["Succeeded"]},"type":"ParseJson","inputs":{"content":"@body('Optical_Character_Recognition_(OCR)_to_JSON')","schema":{"type":"object","properties":{"language":{"type":"string"},"orientation":{"type":"string"},"textAngle":{"type":"integer"},"regions":{"type":"array","items":{"type":"object","properties":{"boundingBox":{"type":"string"},"lines":{"type":"array","items":{"type":"object","properties":{"boundingBox":{"type":"string"},"words":{"type":"array","items":{"type":"object","properties":{"boundingBox":{"type":"string"},"text":{"type":"string"}},"required":["boundingBox","text"]}}},"required":["boundingBox","words"]}}},"required":["boundingBox","lines"]}}}}}},"Apply_to_each":{"foreach":"@body('Parse_JSON')?['regions']","actions":{"find_email":{"runAfter":{},"type":"Query","inputs":{"from":"@items('Apply_to_each')?['lines']","where":"@contains(items('Apply_to_each'), '''@''')"}}},"runAfter":{"Parse_JSON":["Succeeded"]},"type":"Foreach"}},"outputs":{}},"connectionReferences":{"shared_cognitiveservicescomputervision":{"connectionName":"shared-cognitiveserv-86dc3332-d6a0-49ad-bcac-c4df8ca38eeb","source":"Invoker","id":"/providers/Microsoft.PowerApps/apis/shared_cognitiveservicescomputervision","tier":"NotSpecified"}},"flowFailureAlertSubscribed":false}}