{"schemaVersion":"1.0","appDefinitionTemplate":{"id":"/providers/Microsoft.PowerApps/apps/","type":"Microsoft.PowerApps/apps","tags":{"minimumRequiredApiVersion":"2.2.0"},"properties":{"appVersion":"2018-10-12T10:07:41Z","lifeCycleId":"Published","createdByClientVersion":{"major":3,"minor":18101,"build":20,"revision":0,"majorRevision":0,"minorRevision":0},"minClientVersion":{"major":3,"minor":18101,"build":20,"revision":0,"majorRevision":0,"minorRevision":0},"backgroundColor":"rgba(0, 176, 240, 1)","backgroundImageUri":"/18311959811429885915/N9bbf1aee-959e-4365-9557-834916a94d60-logoSmallFile","displayName":"CNAP Workflow","description":"","appUris":{"documentUri":{"value":"/18311959811429885915/Nd0ccedb2-8ee5-4344-9d61-f5be329ff801-document.msapp","readonlyValue":"/18311959811429885915/Nd0ccedb2-8ee5-4344-9d61-f5be329ff801-document.msapp"},"imageUris":[]},"createdTime":"0001-01-01T00:00:00Z","lastModifiedTime":"0001-01-01T00:00:00Z","sharedGroupsCount":0,"sharedUsersCount":0,"icons":{"smallIconUri":"/18311959811429885915/Na3629ac8-7638-4f0e-971e-a256f2ef41f4-small.png","mediumIconUri":"/18311959811429885915/Nf54dfbfd-9819-491d-bc06-193ee4a8b1c6-medium.png","largeIconUri":"/18311959811429885915/N256707a7-7827-49ba-8f20-5a6b4a61a946-large.png","wideIconUri":"/18311959811429885915/Naca2f2a9-c5fd-4c8a-a72b-8f335472d714-wide.png"},"connectionReferences":{"d5db179a-b706-4693-8faf-6e01833dc4f3":{"id":"56c07830-0587-45d7-94a4-e390d69d60d9","displayName":"Common Data Service","iconUri":"https://connectoricons-prod.azureedge.net/commondataservice/icon_1.0.1002.1175.png","dataSources":["Michelin Products","Michelin Request","客户","Michelin Request Items"],"dependencies":[],"dependents":["a9b3c367-24f6-4142-818b-031630c22fbc"],"parameterHints":{},"isOnPremiseConnection":false,"bypassConsent":false,"dataSets":{"default.cds":{"dataSources":{"Michelin Products":{"tableName":"cr960_michelinproductses"},"Michelin Request":{"tableName":"cr960_michelinrequests"},"客户":{"tableName":"accounts"},"Michelin Request Items":{"tableName":"cr960_michelinrequestitemses"}}}},"apiTier":"Premium"},"a9b3c367-24f6-4142-818b-031630c22fbc":{"id":"c34c51c1-c805-49ca-9126-1c4d737e7614","displayName":"Logic flows","iconUri":"https://resourcestackdeploy.blob.core.windows.net/scripts/13276078.png","dataSources":["ReturnTireRequestApprovalProcess"],"dependencies":["a96ef349-a935-4c59-a26d-643c6e680ef3","d5db179a-b706-4693-8faf-6e01833dc4f3"],"dependents":[],"parameterHints":{"workflowName":{"value":"06e65d49-bde9-4769-8ed2-6a91c6067a72"},"a96ef349-a935-4c59-a26d-643c6e680ef3":{"value":"shared_approvals"},"d5db179a-b706-4693-8faf-6e01833dc4f3":{"value":"shared_commondataservice"}},"isOnPremiseConnection":false,"bypassConsent":false,"dataSets":{},"apiTier":"Standard"},"a96ef349-a935-4c59-a26d-643c6e680ef3":{"id":"f334e2dc-6d0c-4041-9387-38c76c5cac7e","displayName":"Approvals","iconUri":"https://psux.azureedge.net/Content/Images/Connectors/Approvals3.svg","dataSources":[],"dependencies":[],"dependents":["a9b3c367-24f6-4142-818b-031630c22fbc"],"parameterHints":{},"isOnPremiseConnection":false,"bypassConsent":false,"dataSets":{},"apiTier":"Standard"}},"almMode":"Environment"}}}