{"name":"dd8c8dee-f61a-4c1b-8453-fd0c17779568","id":"/providers/Microsoft.Flow/flows/dd8c8dee-f61a-4c1b-8453-fd0c17779568","type":"Microsoft.Flow/flows","properties":{"apiId":"/providers/Microsoft.PowerApps/apis/shared_logicflows","displayName":"Return Tire Request Approval Process","definition":{"metadata":{"workflowEntityId":null,"creator":{"id":"22dfc764-79d5-48bb-96bf-19d31a90d2a6","type":"User","tenantId":"79c7b87e-1cf9-4611-bd19-1817cbd1a7bb"},"provisioningMethod":"FromDefinition","failureAlertSubscription":true,"clientLastModifiedTime":"2018-10-12T06:09:18.3218423Z"},"$schema":"https://schema.management.azure.com/providers/Microsoft.Logic/schemas/2016-06-01/workflowdefinition.json#","contentVersion":"1.0.0.0","parameters":{"$connections":{"defaultValue":{},"type":"Object"},"$authentication":{"defaultValue":{},"type":"SecureObject"}},"triggers":{"manual":{"type":"Request","kind":"PowerApp","inputs":{"schema":{"type":"object","required":["Getrecord_Itemidentifier","Startanapproval_Assignedto"],"properties":{"Getrecord_Itemidentifier":{"type":"string","description":"Identifier for the record","x-ms-powerflows-param-ispartial":false},"Startanapproval_Assignedto":{"type":"string","format":"email","description":"Email addresses, separated by a semicolon (;). This parameter is used as part of \"assignedTo\"","x-ms-powerflows-param-ispartial":true}}}}}},"actions":{"Start_an_approval":{"runAfter":{"Get_record":["Succeeded"]},"metadata":{"flowSystemMetadata":{"swaggerOperationId":"approvalSubscribeV2"}},"type":"ApiConnectionWebhook","inputs":{"host":{"api":{"runtimeUrl":"https://asia-001.azure-apim.net/apim/approvals"},"connection":{"name":"@json(decodeBase64(triggerOutputs().headers['X-MS-APIM-Tokens']))['$connections']['shared_approvals']['connectionId']"}},"body":{"notificationUrl":"@{listCallbackUrl()}","title":"@body('Get_record')?['cr960_requestname']","assignedTo":"@{triggerBody()['Startanapproval_Assignedto']};","details":"# @{body('Get_record')?['cr960_requestname']}\n### @{body('Get_record')?['cr960_customer']}\nHas diagnostic report: @{body('Get_record')?['cr960_hasdiagnosticreport']}\nChecked:@{body('Get_record')?['cr960_checked']}\nPOP: @{body('Get_record')?['cr960_pop']}","enableNotifications":true},"path":"/types/@{encodeURIComponent('Basic')}/$subscriptions","authentication":{"type":"Raw","value":"@json(decodeBase64(triggerOutputs().headers['X-MS-APIM-Tokens']))['$ConnectionKey']"}}},"条件":{"actions":{"Update_a_record":{"runAfter":{},"metadata":{"flowSystemMetadata":{"swaggerOperationId":"PatchItem_V2"}},"type":"ApiConnection","inputs":{"host":{"api":{"runtimeUrl":"https://asia-001.azure-apim.net/apim/commondataservice"},"connection":{"name":"@json(decodeBase64(triggerOutputs().headers['X-MS-APIM-Tokens']))['$connections']['shared_commondataservice']['connectionId']"}},"method":"patch","body":{"cr960_approvalresult":280140000},"path":"/v2/datasets/@{encodeURIComponent(encodeURIComponent('default.cds'))}/tables/@{encodeURIComponent(encodeURIComponent('cr960_michelinrequests'))}/items/@{encodeURIComponent(encodeURIComponent(body('Get_record')?['cr960_michelinrequestid']))}","authentication":{"type":"Raw","value":"@json(decodeBase64(triggerOutputs().headers['X-MS-APIM-Tokens']))['$ConnectionKey']"}}}},"runAfter":{"Start_an_approval":["Succeeded"]},"else":{"actions":{"Update_a_record_2":{"runAfter":{},"metadata":{"flowSystemMetadata":{"swaggerOperationId":"PatchItem_V2"}},"type":"ApiConnection","inputs":{"host":{"api":{"runtimeUrl":"https://asia-001.azure-apim.net/apim/commondataservice"},"connection":{"name":"@json(decodeBase64(triggerOutputs().headers['X-MS-APIM-Tokens']))['$connections']['shared_commondataservice']['connectionId']"}},"method":"patch","body":{"cr960_approvalresult":280140001},"path":"/v2/datasets/@{encodeURIComponent(encodeURIComponent('default.cds'))}/tables/@{encodeURIComponent(encodeURIComponent('cr960_michelinrequests'))}/items/@{encodeURIComponent(encodeURIComponent(body('Get_record')?['cr960_michelinrequestid']))}","authentication":{"type":"Raw","value":"@json(decodeBase64(triggerOutputs().headers['X-MS-APIM-Tokens']))['$ConnectionKey']"}}}}},"expression":"@equals(body('Start_an_approval')?['response'], 'Approve')","type":"If"},"Get_record":{"runAfter":{},"metadata":{"flowSystemMetadata":{"swaggerOperationId":"GetItem_V2"}},"type":"ApiConnection","inputs":{"host":{"api":{"runtimeUrl":"https://asia-001.azure-apim.net/apim/commondataservice"},"connection":{"name":"@json(decodeBase64(triggerOutputs().headers['X-MS-APIM-Tokens']))['$connections']['shared_commondataservice']['connectionId']"}},"method":"get","path":"/v2/datasets/@{encodeURIComponent(encodeURIComponent('default.cds'))}/tables/@{encodeURIComponent(encodeURIComponent('cr960_michelinrequests'))}/items/@{encodeURIComponent(encodeURIComponent(triggerBody()['Getrecord_Itemidentifier']))}","authentication":{"type":"Raw","value":"@json(decodeBase64(triggerOutputs().headers['X-MS-APIM-Tokens']))['$ConnectionKey']"}}}},"outputs":{},"description":"创建一个或多个操作，选中 PowerApps 中的按钮或链接时触发该操作。若要使用此来自 PowerApp 的流，选择想要触发流的控制，转到 PowerApps 功能区中的“操作”选项卡并选择“流”。"},"connectionReferences":{"shared_approvals":{"connectionName":"shared-approvals-a379438e-0e26-40a4-b36d-cb65cbbc92a9","source":"Invoker","id":"/providers/Microsoft.PowerApps/apis/shared_approvals","tier":"NotSpecified"},"shared_commondataservice":{"connectionName":"41e7f5e8-7008-40e7-8c31-a0e2990f3f98","source":"Invoker","id":"/providers/Microsoft.PowerApps/apis/shared_commondataservice","tier":"NotSpecified"}},"flowFailureAlertSubscribed":false}}