{"schemaVersion":"1.0","appDefinitionTemplate":{"id":"/providers/Microsoft.PowerApps/apps/","type":"Microsoft.PowerApps/apps","tags":{"minimumRequiredApiVersion":"2.2.0"},"properties":{"appVersion":"2018-09-15T15:31:38Z","lifeCycleId":"Published","createdByClientVersion":{"major":3,"minor":18091,"build":15,"revision":0,"majorRevision":0,"minorRevision":0},"minClientVersion":{"major":3,"minor":18091,"build":15,"revision":0,"majorRevision":0,"minorRevision":0},"backgroundColor":"rgba(0, 176, 240, 1)","backgroundImageUri":"/5659403889397793098/Nbed85add-048a-40e1-91f3-96a2cc4f4a55-logoSmallFile","displayName":"Site Investigation Manager","description":"","appUris":{"documentUri":{"value":"/5659403889397793098/N6d1a7969-814d-47d0-902c-12345f092b51-document.msapp","readonlyValue":"/5659403889397793098/N6d1a7969-814d-47d0-902c-12345f092b51-document.msapp"},"imageUris":[]},"createdTime":"0001-01-01T00:00:00Z","lastModifiedTime":"0001-01-01T00:00:00Z","sharedGroupsCount":0,"sharedUsersCount":0,"icons":{"smallIconUri":"/5659403889397793098/Ne75fa9c2-2716-4426-8e1f-94cd1594c0e5-small.png","mediumIconUri":"/5659403889397793098/N99258ee2-9b7a-4566-9baa-e63ab0811cb5-medium.png","largeIconUri":"/5659403889397793098/Nc4a64c15-aaf7-4d60-8152-74b939bcc82b-large.png","wideIconUri":"/5659403889397793098/N60a05367-03c7-4eaf-a58c-b19e227e3d99-wide.png"},"connectionReferences":{"313f7bdd-7d24-4bd8-8518-9943a1e18e60":{"id":"1e58b069-d51b-4f2f-bd08-a7c615f9f943","displayName":"Common Data Service","iconUri":"https://az818438.vo.msecnd.net/icons/CommonDataModel.png","dataSources":["帐户","应用程序用户","商情","商情标签","任务"],"dependencies":[],"dependents":[],"parameterHints":{},"isOnPremiseConnection":false,"bypassConsent":false,"dataSets":{"3abd367d-6389-4f15-8194-0331a9768469":{"datasetOverride":{"name":"89a65b8c-fdd1-4e33-aaf0-307976b99eb4"},"dataSources":{"帐户":{"tableName":"Account","tableNameOverride":{"name":"89a65b8c-fdd1-4e33-aaf0-307976b99eb4"}},"应用程序用户":{"tableName":"ApplicationUser","tableNameOverride":{"name":"aa6843fa-5076-4aed-a2fd-4186ef8c38d1"}},"商情":{"tableName":"BusinessIntelligences_","tableNameOverride":{"name":"6d221c75-39cc-4803-a28b-c419df790a22"}},"商情标签":{"tableName":"IntelligenceTag_","tableNameOverride":{"name":"a31c5940-ca3f-4bfe-b54d-5401ecc2f3c6"}},"任务":{"tableName":"Tasks_","tableNameOverride":{"name":"1895f542-d2b2-4066-994c-8bdb24ec6403"}}}}},"apiTier":"Premium"}}}}}