{"$type":"Microsoft.PowerApps.Runtime.Metadata.Contracts.Enumeration, Microsoft.PowerApps.Runtime.Metadata.Contracts","Members":[{"$type":"Microsoft.PowerApps.Runtime.Metadata.Contracts.EnumerationMember, Microsoft.PowerApps.Runtime.Metadata.Contracts","Name":"Planned","DisplayName":"未完成","Description":"","Value":0,"IsCustomizable":true},{"$type":"Microsoft.PowerApps.Runtime.Metadata.Contracts.EnumerationMember, Microsoft.PowerApps.Runtime.Metadata.Contracts","Name":"Completed","DisplayName":"已完成","Description":"","Value":0,"IsCustomizable":true},{"$type":"Microsoft.PowerApps.Runtime.Metadata.Contracts.EnumerationMember, Microsoft.PowerApps.Runtime.Metadata.Contracts","Name":"Canceled","DisplayName":"已取消","Description":"","Value":0,"IsCustomizable":true},{"$type":"Microsoft.PowerApps.Runtime.Metadata.Contracts.EnumerationMember, Microsoft.PowerApps.Runtime.Metadata.Contracts","Name":"Delayed","DisplayName":"已延期","Description":"","Value":0,"IsCustomizable":true}],"IsCustomizable":true,"NamespaceId":"3abd367d-6389-4f15-8194-0331a9768469","Namespace":null,"ProvisioningState":{"$type":"Microsoft.PowerApps.Runtime.Common.Contracts.ProvisioningState, Microsoft.PowerApps.Runtime.Common.Contracts","Status":0,"Message":"Metadata provisioning succeeded. ","Purpose":null},"Name":"TaskStatus_","DisplayName":"任务状态","Description":"任务状态","CreatedDateTime":"2018-09-14T06:38:39.0038478Z","CreatedBy":{"$type":"Microsoft.PowerApps.Runtime.Common.Contracts.Principal, Microsoft.PowerApps.Runtime.Common.Contracts","Id":"22dfc764-79d5-48bb-96bf-19d31a90d2a6","TenantId":"79c7b87e-1cf9-4611-bd19-1817cbd1a7bb","DisplayName":"WELLS ZHANG","Email":"WELLSZHA@WELLSZHAdemo01.onmicrosoft.com","Type":0},"ModifiedDateTime":"2018-09-14T06:38:39.0038478Z","ModifiedBy":null,"Version":"a6b5b01e-c3e3-4925-b2c1-6f4e7f1a4099","Properties":{"$type":"System.Collections.Generic.Dictionary`2[[System.String, mscorlib],[System.Object, mscorlib]], mscorlib","packageResourceKey":"7299c32e-7603-4fe9-a426-121fa8f25c1a"}}