{"schemaVersion":"1.0","appDefinitionTemplate":{"id":"/providers/Microsoft.PowerApps/apps/","type":"Microsoft.PowerApps/apps","tags":{"minimumRequiredApiVersion":"2.2.0"},"properties":{"appVersion":"2018-09-25T16:48:25Z","lifeCycleId":"Published","createdByClientVersion":{"major":3,"minor":18092,"build":18,"revision":0,"majorRevision":0,"minorRevision":0},"minClientVersion":{"major":3,"minor":18092,"build":18,"revision":0,"majorRevision":0,"minorRevision":0},"backgroundColor":"rgba(104, 101, 171, 1)","backgroundImageUri":"/3877945896052198801/N61046539-bc54-4e82-baba-e55429a40e0c-N65c81a7c-b86b-4f79-8e21-b567b9a7286c-logoSmallFile","displayName":"Admin Dashboard - Blog","description":"","appUris":{"documentUri":{"value":"/3877945896052198801/Nd0eb1f29-9f2d-4b7c-82a6-3d8722146311-N3be55862-f757-41ad-b5d7-882adb499d4c-document.msapp","readonlyValue":"/3877945896052198801/Nd0eb1f29-9f2d-4b7c-82a6-3d8722146311-N3be55862-f757-41ad-b5d7-882adb499d4c-document.msapp"},"imageUris":[]},"createdTime":"0001-01-01T00:00:00Z","lastModifiedTime":"0001-01-01T00:00:00Z","sharedGroupsCount":0,"sharedUsersCount":0,"icons":{"smallIconUri":"/3877945896052198801/Ncc544ae6-4393-4433-9985-be76ef7ed1f1-N920b11e3-3579-4994-8cb7-ea2ab3392856-small.png","mediumIconUri":"/3877945896052198801/N2f31aa1b-cbf7-4518-9b06-11cb2c4de303-N37422741-0131-40e8-bacc-4792e709f0ab-medium.png","largeIconUri":"/3877945896052198801/N4c84fb16-0c81-4eef-abe7-50e357fc7901-N76512ba9-2372-410c-8481-b48d8ea399db-large.png","wideIconUri":"/3877945896052198801/N33badb57-ebdb-445d-ad48-ffbb72b55a98-N8157cceb-d593-4067-9169-f3d4f851587c-wide.png"},"connectionReferences":{"c5e1f092-98bd-4327-b55f-377636918683":{"id":"fa6983fd-6781-423b-9c9a-b38384dff8c9","displayName":"Office 365 用户","iconUri":"https://connectoricons-prod.azureedge.net/office365users/icon_1.0.1002.1175.png","dataSources":["Office365Users"],"dependencies":[],"dependents":[],"parameterHints":{},"isOnPremiseConnection":false,"bypassConsent":false,"dataSets":{},"apiTier":"Standard"},"11fe584b-6aa3-47d9-ae67-5085f9ebb399":{"id":"d0569dd6-cd90-4594-9612-c33613613694","displayName":"PowerApps for Admins","iconUri":"https://connectoricons-prod.azureedge.net/powerappsforadmins/icon_0.0.0.0.png","dataSources":["PowerAppsforAdmins"],"dependencies":[],"dependents":[],"parameterHints":{},"isOnPremiseConnection":false,"bypassConsent":false,"dataSets":{},"apiTier":"Standard"},"23c39f3f-f51c-4462-9d04-90102a7c532d":{"id":"9faf8cb5-b13c-48e1-adf0-2027ddb90e14","displayName":"Microsoft Flow for Admins","iconUri":"https://connectoricons-prod.azureedge.net/microsoftflowforadmins/icon_0.0.0.0.png","dataSources":["MicrosoftFlowforAdmin"],"dependencies":[],"dependents":[],"parameterHints":{},"isOnPremiseConnection":false,"bypassConsent":false,"dataSets":{},"apiTier":"Standard"},"9548c3ba-7929-4433-8013-8533c68846a7":{"id":"3f3ad22f-8b5d-464a-a3cd-82bcedc1f607","displayName":"Power platform for Admins","iconUri":"https://connectoricons-prod.azureedge.net/powerplatformforadmins/icon_0.0.0.0.png","dataSources":["PowerplatformforAdmins"],"dependencies":[],"dependents":[],"parameterHints":{},"isOnPremiseConnection":false,"bypassConsent":false,"dataSets":{},"apiTier":"Standard"}},"almMode":"Environment"}}}