<ImportExportXml version="9.1.0.10732" SolutionPackageVersion="9.1" languagecode="2052" generatedBy="CrmLive" xmlns:xsi="http://www.w3.org/2001/XMLSchema-instance">
  <SolutionManifest>
    <UniqueName>FMS</UniqueName>
    <LocalizedNames>
      <LocalizedName description="FMS" languagecode="2052" />
    </LocalizedNames>
    <Descriptions />
    <Version>1.1.0.1</Version>
    <Managed>0</Managed>
    <Publisher>
      <UniqueName>Cr24ea6</UniqueName>
      <LocalizedNames>
        <LocalizedName description="CDS Default Publisher" languagecode="2052" />
      </LocalizedNames>
      <Descriptions />
      <EMailAddress xsi:nil="true"></EMailAddress>
      <SupportingWebsiteUrl xsi:nil="true"></SupportingWebsiteUrl>
      <CustomizationPrefix>cr960</CustomizationPrefix>
      <CustomizationOptionValuePrefix>28014</CustomizationOptionValuePrefix>
      <Addresses>
        <Address>
          <AddressNumber>1</AddressNumber>
          <AddressTypeCode>1</AddressTypeCode>
          <City xsi:nil="true"></City>
          <County xsi:nil="true"></County>
          <Country xsi:nil="true"></Country>
          <Fax xsi:nil="true"></Fax>
          <FreightTermsCode xsi:nil="true"></FreightTermsCode>
          <ImportSequenceNumber xsi:nil="true"></ImportSequenceNumber>
          <Latitude xsi:nil="true"></Latitude>
          <Line1 xsi:nil="true"></Line1>
          <Line2 xsi:nil="true"></Line2>
          <Line3 xsi:nil="true"></Line3>
          <Longitude xsi:nil="true"></Longitude>
          <Name xsi:nil="true"></Name>
          <PostalCode xsi:nil="true"></PostalCode>
          <PostOfficeBox xsi:nil="true"></PostOfficeBox>
          <PrimaryContactName xsi:nil="true"></PrimaryContactName>
          <ShippingMethodCode>1</ShippingMethodCode>
          <StateOrProvince xsi:nil="true"></StateOrProvince>
          <Telephone1 xsi:nil="true"></Telephone1>
          <Telephone2 xsi:nil="true"></Telephone2>
          <Telephone3 xsi:nil="true"></Telephone3>
          <TimeZoneRuleVersionNumber xsi:nil="true"></TimeZoneRuleVersionNumber>
          <UPSZone xsi:nil="true"></UPSZone>
          <UTCOffset xsi:nil="true"></UTCOffset>
          <UTCConversionTimeZoneCode xsi:nil="true"></UTCConversionTimeZoneCode>
        </Address>
        <Address>
          <AddressNumber>2</AddressNumber>
          <AddressTypeCode>1</AddressTypeCode>
          <City xsi:nil="true"></City>
          <County xsi:nil="true"></County>
          <Country xsi:nil="true"></Country>
          <Fax xsi:nil="true"></Fax>
          <FreightTermsCode xsi:nil="true"></FreightTermsCode>
          <ImportSequenceNumber xsi:nil="true"></ImportSequenceNumber>
          <Latitude xsi:nil="true"></Latitude>
          <Line1 xsi:nil="true"></Line1>
          <Line2 xsi:nil="true"></Line2>
          <Line3 xsi:nil="true"></Line3>
          <Longitude xsi:nil="true"></Longitude>
          <Name xsi:nil="true"></Name>
          <PostalCode xsi:nil="true"></PostalCode>
          <PostOfficeBox xsi:nil="true"></PostOfficeBox>
          <PrimaryContactName xsi:nil="true"></PrimaryContactName>
          <ShippingMethodCode>1</ShippingMethodCode>
          <StateOrProvince xsi:nil="true"></StateOrProvince>
          <Telephone1 xsi:nil="true"></Telephone1>
          <Telephone2 xsi:nil="true"></Telephone2>
          <Telephone3 xsi:nil="true"></Telephone3>
          <TimeZoneRuleVersionNumber xsi:nil="true"></TimeZoneRuleVersionNumber>
          <UPSZone xsi:nil="true"></UPSZone>
          <UTCOffset xsi:nil="true"></UTCOffset>
          <UTCConversionTimeZoneCode xsi:nil="true"></UTCConversionTimeZoneCode>
        </Address>
      </Addresses>
    </Publisher>
    <RootComponents>
      <RootComponent type="1" schemaName="cr960_facilitydevice" behavior="0" />
      <RootComponent type="1" schemaName="cr960_facilitydeviceassets" behavior="0" />
      <RootComponent type="1" schemaName="cr960_manufacturer" behavior="0" />
      <RootComponent type="1" schemaName="cr960_paymentticket" behavior="0" />
      <RootComponent type="1" schemaName="cr960_repairticket" behavior="0" />
      <RootComponent type="1" schemaName="cr960_serviceitem" behavior="0" />
      <RootComponent type="1" schemaName="cr960_settledownticket" behavior="0" />
      <RootComponent type="1" schemaName="cr960_settleitems" behavior="0" />
      <RootComponent type="1" schemaName="cr960_store" behavior="0" />
      <RootComponent type="1" schemaName="new_facilityrepairprocess" behavior="0" />
      <RootComponent type="1" schemaName="systemuser" behavior="0" />
      <RootComponent type="9" schemaName="cr960_approvalresult" behavior="0" />
      <RootComponent type="9" schemaName="cr960_producttype" behavior="0" />
      <RootComponent type="9" schemaName="cr960_specialequipment" behavior="0" />
      <RootComponent type="9" schemaName="cr960_ticketcode" behavior="0" />
      <RootComponent type="9" schemaName="cr960_ticketpriority" behavior="0" />
      <RootComponent type="9" schemaName="cr960_usertype" behavior="0" />
      <RootComponent type="29" id="{8da5164d-9ddd-e811-a981-000d3a8283df}" behavior="0" />
      <RootComponent type="29" id="{b5725046-9fdd-e811-a981-000d3a8283df}" behavior="0" />
      <RootComponent type="29" id="{ee5d6234-3871-4d8f-98b8-469dc4e78736}" behavior="0" />
      <RootComponent type="60" id="{033e7a32-a8e2-e811-a985-000d3a8288ff}" behavior="0" />
      <RootComponent type="60" id="{0d57052f-51ac-4d53-9583-44f46d085d3e}" behavior="0" />
      <RootComponent type="60" id="{1dcabec9-df9a-4557-982e-2805534fc190}" behavior="0" />
      <RootComponent type="60" id="{2a7826ab-d643-4dd8-ac18-45f6c841bdc7}" behavior="0" />
      <RootComponent type="60" id="{4194b268-0c6a-42b1-954b-db7812608076}" behavior="0" />
      <RootComponent type="60" id="{4d48ba41-14f9-4785-8634-118c51bed5ef}" behavior="0" />
      <RootComponent type="60" id="{5d75035f-a43a-4744-b556-7714337ea925}" behavior="0" />
      <RootComponent type="60" id="{a2281367-a828-4296-a8df-0ee458d6f21d}" behavior="0" />
      <RootComponent type="60" id="{b0bfcdf9-dece-47e7-92df-4a609e6119ec}" behavior="0" />
      <RootComponent type="60" id="{baa29c0c-f014-40f9-8a14-83961b3afcb8}" behavior="0" />
      <RootComponent type="60" id="{be82c283-8ed8-4a1f-910e-53db5ac99a6d}" behavior="0" />
      <RootComponent type="60" id="{c2413504-7eb2-4c59-a087-95d819866114}" behavior="0" />
      <RootComponent type="60" id="{c2cd9e55-d4b4-4b55-9951-16ead79643e5}" behavior="0" />
      <RootComponent type="60" id="{d13c1edc-e92d-4105-83bb-c339d598dc3d}" behavior="0" />
      <RootComponent type="60" id="{e32a350a-1173-4851-9160-515549830176}" behavior="0" />
      <RootComponent type="60" id="{ec20ed18-2512-4165-85f3-615678a7b7c9}" behavior="0" />
      <RootComponent type="60" id="{edebbc3f-d886-4de9-bb69-9f8811007c0f}" behavior="0" />
      <RootComponent type="60" id="{f4aeb93d-792e-4817-bc4d-b6ef2aea244c}" behavior="0" />
      <RootComponent type="61" schemaName="cr960_contoso_logo" behavior="0" />
      <RootComponent type="62" schemaName="cr960_FMS" behavior="0" />
      <RootComponent type="80" schemaName="cr960_FMS" behavior="0" />
      <RootComponent type="300" schemaName="cr960_fmsforstore_8a7be" behavior="0" />
      <RootComponent type="300" schemaName="cr960_fmsforvendor_88492" behavior="0" />
    </RootComponents>
    <MissingDependencies>
      <MissingDependency>
        <Required key="0" type="1" schemaName="cre03_inspectionstandard" displayName="检验指导书" solution="Active" />
        <Dependent key="1" type="1" schemaName="systemuser" displayName="用户" />
      </MissingDependency>
      <MissingDependency>
        <Required key="2" type="1" schemaName="msdyn_jobapplicationhistory" displayName="Job application history" solution="msdyn_TalentApp (6.217.0)" />
        <Dependent key="1" type="1" schemaName="systemuser" displayName="用户" />
      </MissingDependency>
      <MissingDependency>
        <Required key="3" type="1" schemaName="msdyn_onboardingprojectparticipantworkentry" displayName="Onboarding guide participant work entry" solution="msdyn_TalentApp (6.217.0)" />
        <Dependent key="1" type="1" schemaName="systemuser" displayName="用户" />
      </MissingDependency>
      <MissingDependency>
        <Required key="4" type="1" schemaName="msdyn_jobopeninghistory" displayName="Job opening history" solution="msdyn_TalentApp (6.217.0)" />
        <Dependent key="1" type="1" schemaName="systemuser" displayName="用户" />
      </MissingDependency>
      <MissingDependency>
        <Required key="5" type="1" schemaName="msdyn_teammembershiprole" displayName="Team membership role" solution="msdyn_TalentApp (6.217.0)" />
        <Dependent key="1" type="1" schemaName="systemuser" displayName="用户" />
      </MissingDependency>
      <MissingDependency>
        <Required key="6" type="1" schemaName="cre03_inspectionrequest" displayName="检验委托" solution="Active" />
        <Dependent key="1" type="1" schemaName="systemuser" displayName="用户" />
      </MissingDependency>
      <MissingDependency>
        <Required key="7" type="1" schemaName="cdm_worker" displayName="Worker" solution="HCMCommon (2.1.29.1)" />
        <Dependent key="1" type="1" schemaName="systemuser" displayName="用户" />
      </MissingDependency>
      <MissingDependency>
        <Required key="8" type="1" schemaName="msdyn_candidatehistory" displayName="Candidate history" solution="msdyn_TalentApp (6.217.0)" />
        <Dependent key="1" type="1" schemaName="systemuser" displayName="用户" />
      </MissingDependency>
      <MissingDependency>
        <Required key="9" type="60" displayName="用户窗体 – 业务" parentDisplayName="用户" solution="msdynce_AppCommon (9.0.4.0066)" id="{c2413504-7eb2-4c59-a087-95d819866114}" />
        <Dependent key="9" type="60" displayName="用户窗体 – 业务" parentDisplayName="用户" id="{c2413504-7eb2-4c59-a087-95d819866114}" />
      </MissingDependency>
      <MissingDependency>
        <Required key="10" type="66" schemaName="MscrmControls.Grid.GridControl" displayName="MscrmControls.Grid.GridControl" solution="BaseCustomControlsCore (9.0.1911.1001)" />
        <Dependent key="11" type="68" id="{138ba4e2-a413-4e9d-b48f-5520b8698fc2}" />
      </MissingDependency>
    </MissingDependencies>
  </SolutionManifest>
</ImportExportXml>